id,original_pae,generated_pae
659003296_0,8-{''C'BA}{B6AG}{A''C'B''D}/{8C'6BA}{8B''C}{D6C'B}{''CEDF}/,{''8C'BAB6AG3.A''6C'B''D8C'6BA8B''CD6C'B''CED8.F}
1001164182_2,=11/2-4-'G/1G/2bE-/1''C/2'G-/1''bE/2.4CbE/1D/2nE4-,'4G2GxD''C'G''xDC2.D2E
452015056_0,''2C4E{6EDEF}/{8GG}4G{8GAB'''C}/''{BA}4A+{8A'''6C''B},''2C4.E{6DEF}4G4.G{8AB'''C''B'''3A}''4.A{'''6C''8.B}
840026470_0,''8.C6E8E'6AA8xFF8-6FxGA,{''8.CE'8A}2xF{6.AA}
301003150_1,''2C4.E8C/4.G8D{8.B6G}'''{8.D''60B}/'''4C''C,''2C4.E8C4.G{8D8.B6G'''8.D''6.B}2C
451009096_0,2.4'BB/2B4GG/2AB/=2/2-B+/4B,'2.BB2GA1B
806554591_0,''4EFC8-C/{FEFD}{EDE'E}/{FEFD}{EDE''C}/,''4EF2C{8FEFDED}'4E{3F6.E8FDEDE}''4C
451019486_0,'2G4B''C/2D4EG+/G{8FE}2D/,'2G4B''C2D4E4.G{8FE}2D
454012597_0,6{'CDbED}/4C--{6CDbED}/4C--{6CDbEF}/,{'6CD6.C}4.C{6D6.C}4.C{''3D'3.xD8.F}
850605733_0,"8-{'6DD}{8DD}D{6GG}{8GG}/4G2G8-,G/'4EC2-",'2D4.G2.G4E4.C
250006570_0,{8'EF}/4GAG''C/4.E8D4C{8CD}/4.8E'G''ED/4C--,{'8EF}4GAG''C4.E8D4.C8D4.E'8G''4.E8D4.C
852036149_0,4''E8.6{AB}4.'''C8D/4.E6{DC}4''B-/F8.6{E'''E}4''xG,''4E{8.A6B}'''4C8D4E{6.D6C}''4BFExG
605200579_0,=2/4''E8C'A''4F8.D'6B/4.A8B4xG4-/''4E6{DC}{'BA}{8.B6''C}8'B6{B''C}/4.C6{DC}4'A4-,''4E{8C'A}''4F{8.D'6B}4.A8B4.xG''4E{6DC'BAB''C'B}''4.C{6DC}'4.A
000239321_0,''2GE/C8-{6AG}{FEDC}/'4BB''CC/D-,''4.G2EC{6AGFEDC}'4B''2C4.D
1001156350_1,4G8GG4.B8B/4G2E4E/GGGG4./B8''xC'4B-/,'4GG2B4G2E4E1G4.B''8xC'4.B
301001387_1,"'4CC8-C{8.Ct3,B'C}/4EE8-E{8.Et3DE}/4GG8-G{8.Gt3xFG}/4''CC","'4.C2C{,3B'C}1E{3.D3E}2G''C"
550505192_0,8G/''4C{'8G''E}''4C{'8G''G}/'''{6C''BAG}{FEDC}{8DC}-'G/,'8G''4C{'8G''E}4C'G{'''6C''B3.A6GFEDC8D}4C{'8.G}
1001144370_1,1''(A)/'''C/D/D/=6//=2//=4/2.'''E8{DC}/1''B/4''A-2(-)/,'''3A''4A'''C2D4E{8DC}''4.BA
000137127_0,'2C{8C3B''6.C}{'3B''6.C'3B''6.C}/'2D{8D''3E6.F}{3E6.F3E6.F}/'2F{8F''3xA6.B}{3A6.B3A6.B}/{'''8C''B'''C''B}'''4C-/,'6.C2C{3B''6C'3B''6.C'3B''6C'6.D}2D{''3.E6.F3E6.F3E'F''8B3xA6.B'''8C''B'''C''B}'''4C
550268149_2,"4.'C8D4E8EF/4G8GD4.C8D/4,BB","'6.C''4C{'8D3F8EF}4.G{8D6.C}''4C'8D,2B"
550268193_2,4'G8GG4AA/8GC4''C8C'ABG/AD,'2G4AA{8G6.C}''4.C{'8ABGADD}
1001205664_1,4.8''C'G''ED/q8D4CC4.8AG/4xFG2-/,''4.C'8G''4.E4D4.C'''3A''4A2.G
457000560_0,4'G/4.''C8C4CC/4.''D8'G4GG/4.''D8E4''F'B/2''C,'4G''2CC4.D'2G''4.D8E4F'B''2C
450056309_0,8.{''C6C}4C+6{C'B''DC}{EDC'B}/8.{A''6A}4A+6{AGFE}{GFD'B}/,''8.C4.C{'6B''DCEDC'3B8.A''6A}4A{6GFEGFD'3B8B}
806041096_0,4''DED-/-2E4xF/2ExF/4-2A4B/,''4DE4.D2E4xF2E4.xF'''3A''4A4.B
230002421_0,8'A/1''E+/E+/{6EDFE}{GFED}q8D4xC+{6CCDC}/,'8A''2E{6DFEGF8.EDxC}
301050725_1,{8E6EE}{8EE}{E6EE}{8EE}/-''C-C4-{8'GG}/{8E6EE}{8EE}{8''C6CC}{8CC}/,'8.E2E4.E''2C'3A4GEE''2.C
800159860_0,6{''C'G''CD}{EDEC}{D'G''DE}{FEFD}/{8EG}4'''C+C''B/,{''6C'G''CDEDECD'3.G''6DEFEFD8EG}'''4C''4.B
451009152_0,1''E+/2EE/1E+/E/F+/F/E+/E/,''2E1E2FE
550271023_0,8''E-D-E-D-/EE4-8C-'B-/''C-'B-''CC4-/,''4ED8.E4D4.E4C'8.B''4C'8.B''4.C
1001128653_0,Â¨''4.G({6AB'''C})qC''4.B8A/{8.Gt3FG}{8AG}{FtE}-{6C'A},''4.G{3.AB'''8.C''B8A8.G3F6G6.A8GF}4E{6.C'8.A}
1001012110_1,2''C4DE/2F4EC/FE2D//,''2C4DE2F4ECFE2D
550032427_1,''4.C8C4C-/i/,''4.C1C
150200257_0,''4C8-{6ED}{8C'BAxG}/4A8-{''6C'B}{8AGFE}/4F''AGB/'''C,''4.C{6ED8C'B}4A4.A{''6C'B8AGF3E}4F''3A4AGB'''C
450035261_0,'4G/{''8.C'6B}''4C-'G/{''8.E6D}4E-,'4G{''8.C'6B}''4C'3A4G{''8.E6D}4.E
570001394_0,{'8C''CCC}{'BAGF}/{EAAA}{GFED}/{CAGxF}{GDEF}/,'8C''4.C{'8BAGFE}4.A{8GFEDCA}4.G{8DE}4xF
651005684_0,2-''C/4.G8F4E-/,''2C4.G8F4E
1001173198_0,"4,G^'E^''C-'C^G^''E-/'G^''C^G6-{'GAB}{''CDEF}{GAB'''C/2''BB/4'''C","''4C{'3G''C,6G}''4E{6.C3G}4C{'6.G6AB''CDEFG3.A6B'''C}''4.B'''4C"
450114501_1,''{8.C'6G}2G6{FEDC}/''{8.E6C}4C+{8C6DE}{8FE}/{8.xC6D}4D+{8D6EF}{8GF}/{8.xD6E}4E2-/,{''8.C'6G}2G{6FEDC''8.E6C}4.C{6.D6E8FE8.xC6D}4.D{6.E6F8GF}2E
00000400102928_0,'2DE/FE/DE/1D/(C)/,'6.D4.D2EFE8D4.D2E8D2D2.C
452517643_0,''1D/2D6-{DC'B}{AG3xFEFD+}/{8.D6xF}{GAGF},''2DD{6C'BAE8.D8G6A}4G
1001208181_0,4''C{6'GAGF}4E''E/qE2FE/{8DCD'B}{''C'CEG}/4E{6C'B''CD}{8CCEG}/,''4C{'6GAGF8.E}''2E4F2E{8DCD'B}4C{8EG}4E{6CB''CD}4C{8E8.G}
854004610_0,''2C{8'B''CDE}/{GFFF}4F-/,''2C{'8B''CDEG}2.F
301007169_0,'8GG/''2.C'4G/4.G8G''4CE/{8ED}4D4-8DD/,'4G''2C'4G2G''4C4.E8D2.D
1001014669_1,"4'CE8{DC,B'D}/{F6ED}{8CD}E4C8F/4,B'C+{8CCDE}/4F","'4CE{8DC,B'DF3.E6D8CDE}4C8F,4B'4.C{,3B'8CDE}4.F"
450034396_1,=//:2-4-'A/AAGD/2G4EA/,'2A4AGD2G4E4.A
450022002_0,",{6G3AB}/'2C4C8-''{6EC}/'4.G{6''C'G}","{'6.G,3AB'6.C}2.C{''6EC}'4.G{''6.C'8.G}"
00000402000599_0,4.''C8'GgB4AG/''CCDD/4.E8C{ED}{C'B}// @2/4 4.''C8-//,''4.C{'8G3B}4AG''CCDD4.E{8CEDC'6.B}''4.C
550281088_1,4'''C+6{C''bBbAGED}C-8-4-/=1/4'''F+6{FbEbDC''bAG}F-8-4-/,'''4C{''6.xAG6ED8.C}'''4F{6xD8C3xG''8G8.F}
553003400_0,''2.C{6C'B''CE}/'2.G''4C/,''2C{'3.B''6CE}'2G''4.C
1001041183_0,4'A+{6A''CEA}4'A+{6A''CEA}/4'E+{6ExGB''E}4'E+{6ExGB''E}/4'E8-B{''CE'B''E}/,'4A{''6C6.E'3A}4A{''6C6.E3A}'4.E{6xGB''E}'4E{6xGB}4.E{8B''6.C8E'B}''4E
550509224_2,''2C4'B8''CC/2EC/'G4xFG/2''C'G/4ECExF/G,''2C'4B''8C2EC'2.G4G''2C'G4ECE2G
302003418_0,4.''D4C8.DE4FGFE2.D,''4.D4C{8.DE}4FGFE2D
250014552_0,4''C/4..6CC4C8.6CC/4C8.6CC4C8-C/D-4-4.E{6CE}/4EE8D-,''2.C2C4CC2C4D4.E{6CE}4EED
550508049_2,G/2''CC/D4C-/CCCC/2DC/,'4G''2CCD4.C4CC2CDC
220012509_1,=/4-''FED/4.Ct6{ED}8{CGFE}/4EtD2-/,''4FED4.C{6ED8CGF}4E4.D
100198398_0,''2C4GG/4.G8F2E/D4EE/4.E8E2D/,''2C4GG4.G8F2ED4EE2ED
455010722_0,4'G/''C'GA{8GG}/4''CDE8-E/4G{8ED}4C{8'B''C}/4D--8-D/4E{8GG}4xFD/E{8DC}4'B8-B/,'4G''C'GAG''CD2E4G{8ED}4C{'3B''8C}2D4E8G4DE{8DC}'4B
806047319_0,2''C4'BG/AB''C'A/2G-/,''2C'4BGAB''C'A2G
1001025211_2,'''4C^''E^'G4-8-{''8CCC}/{'8.B''3CD}4C//,''4.EC{'8.B''3CD}4.C
452522563_0,'4G+{6G''C'B''D}{CEDF}{EGFA}4.G{3FEDE}{8GFED}4.E{3DC'B''C}/{8EDC'B},'4G{''6C'B''DCEDFEG6.F3A}4.G{3.F3EDE8GFED}4.E{3.D3C'B''C8EDC'8.B}
540001468_0,"'4C{6,EG'CE}4D{,6GB'DG}/{8EG''C'B}{AGFE}/","'4C{6.E3.G6CE}4D{6G,B'DG8EG''C'BAGF}4E"
220010626_0,4'G/qq6EGr4''C2Cqq6DC'Br8{''CD}/{FE}2Eqq6FEDr8{EF}/{AGFE}{EDC'B}/q6''D{8C6'B''C}4C8-,'4G{3EG}''4C2C{3DC'B''6.C8DF}2E{3F8EF6.A8GFEDC'B''6DC'B}''4.C
220019424_0,=2/2''C+8CCCC/4EC2'G+/4G8GA4B8AG/2''D4D'A/1(B)/,''2.C4CEC'2G8A4B{8AG}''2D4D'A2.B
550282609_2,8''{A'A}{B''EC'A}-''E/6{FF'AA}{BB''GG}8{EC}'{G6''EE}/,{''8A'AB''EC}'4A{''8E6F'8AB''GEC'G''6E8.E}
301050681_0,"2.''C^'E^,G{''8E6DE}/2C+{8CEG'''C}/2.''A{6'''C''B'''C''A}/{8AG}4G2-/","''4.C{,3G''C},4.G{''8E6DE}2C{8EG'''C}''4A{'''6C''B'''C''8.A}2G"
452502796_0,{('8EEE)}{(EEE)}{(EEE)}{(EEE)}/{(FFF)}{(FFF)},'1E2F
250014467_0,4'E/AB''C'B/AB4.8GxF/4E,'4EAB''C'BAB2G4.E
300510677_7,{8'''CCCC}{CCCC}/4C''B{6BxGFE}{xDE8'E}/{''BBBB}{BBBB}/4BA{6AxFED}{xCD8'D}/,'''8C4.C2C4C{''6.B6xGF'8.E''3B}2.B2B4.A{6xFE}'4.D
550506842_0,8-{GEC}''{C'C''C'bB}/4.A{6bBA}{8GC}{''C'nB}/,{'8G6E}2C{6A6.G}4CB
840028330_0,4-'8E6EE2A/8A6AA8A,'4E3A1A
1001175815_3,=3/1''nF+/F/1-/,''2F
00000408004699_0,'4-CEF/2G4GG/''CC'4.B8A/''2C4CD/4.E8D,'4CEF2GG''4CC'4.B8A''2.C4D4.E4D
452501612_0,"'2C,4G'E/C-2-/-''G+/4.G8E4F-/",'2C4GE6.C''4C4.G8E4.F
220017553_0,2'EEExG/ABxG(G)/BB''C'A/GxF1(E)/,'1EB2xG1B''2C'A1G2E
450010896_0,"'2.C4D/ECFE/2.D4E/FD,BG/","'6.C''2C'4DECFE8D2D4EFD,B'4.G"
900006102_0,2'C4EG/q8''D1C{qq8'B''Cr}/q8E1D{qq8CDr}/4EC2-,'6.C''4.C'4EG''2DC{'8.B''CE}2D{3CD}4E4.C
300512837_1,{8.6'AA}{6''CEAB}{xGAGA}{BEEE}/4.E({6EAE})4.F({6DGD})/4.E({6CFC}),'4A{''6C6.E3A6.B3.xG6AxGAB8E}2E{3A3.E}4.F{3.DGD3E}4.E{6C3F8.C}
00000403010964_0,'4G/2G+8{GA}4B/''4.(C)'8G4(G)G/AF4.C8D/2E8-,'4G2G8A4B''4.C'2.G4AF6.C''4C'8D2E
302003330_0,4'bB''C8.DC4'B''D4.F4FbED2.C,'4xA''C{8.DC'3xA}4xA''D4.F4F2DC
850608668_0,'8G4G8({6AB}''C;3){8DxCDC}/4D-'2D/,'4.G{6A3B''C}4D8xC'1D
650002283_0,2'''C4C{8CC}/{6CCCC}{CCCC}4CC/8{CC}4CCC/{6CCCC}{CCCC}4C,'''4C1C2C4C1C
00000403006491_0,'4G/''4.C8C'4BA/8.G6F4E,'4G''2C'4BA{8.G6F}4.E
00000990068901_0,{8.'E3xFxG}/2A4.A8''C/2'F+8F-{8.C3DE}/2F4.F8A/1xD/,{'8.E3.F6A}2A4.A''8C'4.F''4F{'8.C3DE}2.F8A2xD
600139979_0,8'G/8.6{''C'B''CD}4'B8-G/8.6{''DxCDE}4xC8-,{'8G''8.C'6B''8.C6D}'4.B{8.G''D}4.E
455001984_1,4-//=9/2-4-8.6'EF/2G8.6GG''C'B/4B2A8.6bAA/GG2''D8.6'GF/2.E4-/4G8.6GGGGGG/,{'8.E6F}2.G''8.C'4B2.A4.G''2D{'8.G6F}4.E''4E'2GG
659000314_0,"4.8''EE{8FF}{F6DE}/{6FEDC}{'BAGF}{EGFE}{DC,BA}/{8G6'B''C}{8DF}q4F2E/","''2E{8F6DEFEDC'BAGF3E6G3.F3E6DC,B3.A'8G6B''3C8DF}4F4.E"
000137562_0,"6-{'G''6.C3E}/{6EtD8G}6-{'B6.B''3C}{6Ct'B''8.C}{6C'6.At3G}/{6G8C6G}{F,8G'6F}{6.Eq8D8.C}",{'6G''6.CE6D8.G'B''3.C'6B''C'6.AG8C6GF6.G6FE6.DC''8C}
500239761_0,8'G/{''CbEG'B}4''C-/8.-6bE8E-4-,{'8G''CxDG'B}''4.CxD
850601705_0,{'8G''EDC}{'B''FED}/{xCGFE}{DAGF}/,{'8G''EDC'B''F3ED8GFED6.A8G}4F
1001231125_0,4''G/8{AGFE}{'''DC''BA}/4.G8A4G'''C/8{C''BBA}{AGGF}/,''4G{8AGFE'''DC''BA}4.G8A4G'''4.C''4BAGF
850036742_0,1.''E2'A1''CDE2.F4E2DC1'B4AB''CDEF2GF2.E4D1D4C'B2''C,''2E'A''CDEF4E2DC'2.B4AB''CD3E4EF4.G2FE4D2D4C'B''2C
00000401001662_0,4.8'G''C/4C'B''ED/DC,'4.G''8C4C'B''EDD4.C
840017270_0,'8G/''4CCC8-G/g8E6DCg8D6C'B''4C,'8G''4CC4.C{8G3E6D8C'3B}''4.C
1001130844_2,2G/''C'A/G''C/C'B/''CE/D4C'B/2AA/1G/,'2G''C'AG''CC'B''CED4C'2BAG
1001223882_0,4''C/4.C8C4DE/ExD-D/4.E8E4xFF/2G,''2.C4DE2E1G
303000124_0,8''G{ECD'G}/''{CEGG}{ECD'G}/{''CEGG}{ECD'G}/4''C8-,{''8GECD'G''CE}4G{8ECD'G''CE}4G{8ECD'G}''4.C
450058305_0,8-6{'xFFGGxAA}{BBFFGG''xCC}/{DD'xAABB''EE}{FFxCCDDxGG}/,{'6xF8.G6xA8.B8xFG''6xC8.D'6xA8.B''8EF}4D{6xG8xG}
450103634_0,'''4C8-''G{A'''CCC}/4CDC-/,'''4C{''8G6.A}'''4.C4C8.D4C
458000630_0,8-'{CGF}{bBxFG''D}/{bE'B''CG}{bAnEGbE}/,{'8CGFxA}4G''D{'8B''CGxGEG}4xD
550282981_1,=19/2'D4E8-E/{8.F6G}4A+AG/2A8-4''D6{CD}/8'{bBGAB}''C4C6'{B''C}/4'AD,'6.D4.D2E8.F4G3A4G2A''4D{6.C6D'8xAG}4A''8C4C{'6xA''C}'4A4.D
452515334_0,''4CE{8EDDC}/{C'BAG}{''CC}'4G/''4.C8E{EDDC}/{'BB}{''6C'BAG}''4C-/,''4C4.E4DC{'8BAG}''4C'G''4.C4ED{8C'B''3C'6BA3.G}''4.C
450063661_0,''4C'2G{6''C'B''CD}/4E2C{6EDEF}/4G{8.Et3DE}4F{8.Dt3CD}/4E2C4D/,''4C'2G{''6C'B''3C6D}4E2C{6EDEF}4G{8.E3DE}4F{8.D3CD}4E2C4.D
540001321_0,2''C'G/4EC-E/E{8CE}4GG/,''2C'G4E6.C''4C'2E{8CE}2G
201007013_0,4'C{8.6CC}4CC/2D{6DEFE}q6G{8F6ED}/4E{8.6EE}4EE/,'2CC8D2D{6EF3.E6G3.F3E6D}1E
550280464_1,2-4-8.''E6D/4CC8-C'BA/4xGB-,{''8.E6D}2.C'8B4.AB
859000029_0,{6'CEEG}{EGG''C}{'G''CCE}{(GEC)}{(EC'G)}/,{'6C8E6GE8G''6C'G''8C6E3.G3E3.C3E3.C'3G8.G}
603002541_0, ''{8.C6C8CC}{D6CE}8{DC}/{8.E6E8EE}{8F6EG}{8F6EG}/6{A'FA''C}{FAB'''C},''8.C4.C{8D6CE8DCE}4.E{8F6EG8F6EG3.A'6FA''C6.F3A6B'''8C}
1001116466_0,8-{6''FE}{DC'BA}/2bA+8G4''G8F+}/{8FE}{6EDFA}-{CEG}-{'B''DG}/,{''6FEDC}'2B3.A2xG4.G''4F{6ED6.FA6CE8G'6B''D8.G}
800256172_0,1''E+/2ED/424DED/2xCD/4-,''2ED4D2E1D
600077195_0,''4.G8G4EC/'4.B''8D4D-/4.F8F4D'F/4.E8G4G-/,''2G4EC'4.B''2DF4D'F4.E2G
806350361_0,",4GAB'C/DEFG/","'4G3A,4AB'CD3E4EF4.G"
650007855_1,1''C+/2C4'G-/2ExF/4G-4.B8''C/2D,''2C'4.G2E2.G4.B''8C2D
552001838_0,2G4.A8B/1''C/4.C8C4CC/2C4C-/,'2G4.A8B''4.C
550265585_1,8''C6ED8C'G''CC-'B/''CCCDEE4D/E,{''8C6ED8C'G''C}4C'8B''4C8D4EDE
00000403009345_2,=4/'4A''4.C8D4E/4.F8E4D,'4A''4.C8D4E4.F8E4.D
100017166_2,1-'GAG''CC2-2.C4C2C2.D4EFD2E,'2GAG''CC2.C2CD4EFD2E
455022090_0,2.'A4A/A2A4A/4..bB6B{8.6EE}{EE}/4F-2-/,'2A6A2.A6xA2E4.F
450033958_0,"2.'A4E/GECD/2,B4A8'CD/","'2A4EGECD,2B3A4A{'8CDD}"
1001067260_1,"8''G/{EC,G'B}{''CEDG}/{EC,G'B}{''C'C}{8.''Dt3CD}/",{''8GEC'6.G8B''6.C8EDGEC'6.G8B}4C{''8.D3.C8.D}
1001177994_0,4A''G'''C-/2-4''FA/bB-2-/1-/4-''F2-,'4A''G'''C''F2A4.F
453011604_0,48.644'C{CC}CC/E{EE}EE/G{GG}GG/{8''C'G''CE}4.G8F/,'2CCEE4GG2G{''8C'G''CE}4.G4F
455041967_0,=/1(-)/2-4-''G/4.8GG'''C''G/{8bBA}4A-A/4.8AAAA/4GF-F/,''2.G'''4C{''8GxAA}2A1A4G2.F
1001101407_0,2C/4EF/1G+/4GFEG/2AB/,'6.C''4.C'4EF2G4FEG2AB
850026435_0,qq3''DC'Br{8.''C6D}/8{EEEE}{xDEDE}/6{EF}{8.G6F}8{DD}6{EF}{8.G6F}8{DD}/,{''3DC'B''8C6D}2E{6F8.G6F}4D{6EF8.G6F}4.D
659000926_0,2''CtEt/Gt'''Cg/=1/2-''Dt/GB/'''Dt-/2-{8C6CC}{CEC''G/,''2CE4.G'''4C''2D4.GB'''4D4.C{6EC''8.G}
550283067_0,8''{E6CD}{8EF}{E'A}-''E/{8D6C'B}8''{C6DC}4'B8-''E/4.A8B4.G8A/{F6FE}8{DC}'{BE}-/,{''8E6CD8EFE}'4A{''8ED6C'B''8C6DC}'4.B''8E4A8B4.G{8A8.F6E8DC'B}4E
1001190871_1,=/=/=/4''G2A4G/2FE/4D2C4D/1'B/,''4G3A4AG2FE4D2C4D'2.B
454008314_0,8''E4C'AxG8F+/F4E''D{8C'BA}/''E,''8E4C'2A4FE''D{8C'BA}''4E
458001291_0,=3/2.-8-8'G/''xF8-4xC6'C''nC'bBA''xG6-6-'F/,'8G''4xFxC{'8C6xA6.A''8xG'8.F}
1001011750_0,2-4AB/{8''C6DC}{8'B6xGxF}2E/4.''E8B{'''C6''BA}{8.xG6A}/{8A6B'''C}{''B3'''C''B6AB}{8'''C''E}{8A3AGFE}/4.F{6GF},'4AB{''8C6DC'6.BxG6xF}4.E''2E{8B'''C''6.B}4.A{6B'''C''B'''3C''6B3A6B'''8C''EA3GFE}4.F{6G3F8.F}
225000079_1,8-''E8.E6E4C-/8-E8.E6E4C8C-/8EE8.E6C4D8D'B/,''4.ECE4CC2E6C4.D{'8.B}
551003204_0,''4CCC-/=/4EEE-/=/2-{8ED}{C'B}/''4C,''2.C4E2.E{8DC'6.B}''4.C
450114093_0,"2C4DE/F-2-/2D4EF/G-2-/4.8AGFE/DC,BA/1G/","'6.C''4.C'4DE4.F8D4.D4EF4.GA8G4.F{8ED}4D8C,4.B8A1G"
200021796_0,4'C{8EC}{GE}{''C'E}/{FD}{AG}{FE}{FD}/4C,'4C{8ECGE''C'E6.F8DAGF6.E8FD}4.C
00000400004002_0,'4C8.E6D4CG/i/4C8-4-,'4C{8.E6D}4CGC{8.E6D}4CG4.C
451015757_0,''4E-E-/AxG-A/-A,''4.EE2.A
850600785_0,''4AxGA8-8A/{6xGABA}{6xGnFEF},''4A'''3xG''4A4.A{6xG3.A6.B6A3.xG6FE8.F}
800184744_0,8-{6''EFG}/{CDEF}{DEFG}{8EC}6-,{''6EFGCDEFDEFG8E}4C
530010552_0,'2C4EG/''4.C{'6BA}4G//,'6.C''4.C'4EG''4.C{'6.B6A}4.G
806230562_0,4-/=9/2-4-'8.E6F/{8.G6A}8GF{8EG}''8CE/{8.D6E}8F'B''q8D4.C8D/,{'8.E6F8.G6A8GFEG''CE8.D6E8F'B''8.DC}4D
1001034029_0,"4-'C2G+/4G{8FbE}4DC/,2nB'4C,bB/1bA/4G''nB'''C''xF/","'4C2G{8FxD}4DC,2B'4C,xA3xG1G'4G''B'''C''4.xF"
211010648_2,4-6-''F8.{A6B}{(8'''C''BA)}{(BAG)}/{(A'AbB)}{(''CDbE)}(-{'bB''C}){(DnEF)}/8-,{''6.F8A6B'''C''6.B6A6.B6A6.G}'4A''6.C4D{'6.xA''CDE8.F}
302003182_0,4'GG4.bB4B4.''C4C4.D2.D,'4GG4.xA4xA''4.C4C2.D
900005898_0,4'G/4.''C8'B{''CD}{EF}/4DDD,'4G''4.C{'8B''6.C8DEF}4D2D
659002037_0,4''C2C{8'B''D}/q8D4C2C{8DF}/q8F4.E8C{FDC'B}//,''2.C'8B''4D2C8D4.F{8.E8CFDC'8.B}
190011768_0,8'G''CE/2GF/q8F4EE8-'EFG/,{'8G''CE}4.G2.F8E'2E8F4G
853000680_0,"4'C{6C,B'CD}4C{6C,B'CD}/4C8-6{EF}{8GFED}/4C","'4.C{,6B'CD}4C{,6B'CD6.C}''4C{'6EF8GFED}4.C"
225002065_0,{8''E+3EDC'B}/{6''C3'BA6''D3C'B}{6''E3DC6.''F3'A}{3xGAB''D+8D+}{8D+6D3C'B}/4''C+{6.C3'A6.''D3'F}{8FE+}{3EGFE6A3B''C+}/4C+3C,{''8E3.D3C'B''3.C'3BA''6D3C'B''6E3DC6.F'A3B}''4.D{3.C'3B}''4.C{'3A''6.D'3FE8FE3.G3FE6A3B}''4.C
800265955_2,''4C'{8.B6A}4.G8G/{AA}{8.B''6C}4.C8D/{EEEF},''4C{'8.B6.A}2G4A8.B''4.C8D4.E4F
1001024940_0,8-{'''C''GE}{DGxFG}/4E-2-/8-{6'''C''B}{AGFE}{DGxFG}{AGFG}/,{'''8C''GED}4.GE{'''6C''6.B3A6GFED8.G3.A8G8.G}
454017506_0,"4''CC{8C'6C,B}{'C,B'C,B}/{'8CCEG}{''CE}","'2.C{,6B'3C,B'6C,B}'4C{8EG''C}4E"
410007553_0,'4G/''C'8.6{GG}4A8.6{GxF}/2G4E,'4G''C'GAG2G4.E
450119812_0,G8-G{8.G6''D}8{C'B}/8-{AGG}{FG}-''C/'{GGG''C}{'B''C}{8.C'6B}/''4C,'2.G{''6D8C}'4B8A4G8F4G''8C'4.G{''8C'3B''C'6B}''4.C
1001140205_3,=2/2'AB/4A8{FG}2A/''CD/4C8{'AB}2''C/DC/4.'A8A2nB/4''CC4.C8'nB/1''(C)/,'2AB4A{8FG}2A''CD4C{'8AB}''2CDC'AB''2.C'8B''2C
1001030351_2,2''C'B/2.''C4'G/AB''CD/ED2-/,''2C'B''C'4GAB''CD3E4E4.D
250004109_4,''4CCC8CC/2D4GF/EC2-/,''2CCD4GFE4.C
452508890_0,4-{''6GC'E''G}{AC'F''A}{BF'G''B}/{'''8CgxDE}{''6GC'E''G}{AC'F''A}{BF'G''B}/'''4C,{''6GC'3.E''6.G3.A6C'F''3.A6BF'G''B'''6.C8E''6GC'E''6.G3A6C'F''3.A6BF'G''B}'''4C
553003325_0,6''C/2.C8(-)6-D/2.D8(-)6-E/4EEE{'8.A6A}/''4D,''6C2CD6E4EEE'A''4.D
551002146_0,"'''4C8'{C,G}{'C,G'C,G}/'4E2E4E/G2G4G/A2A4A/",'''4C{'8CGCGCG}2.E4E1G4A2.A
1001083534_0,4.''A{6EC}4'AE/q4E2F-/4.''D{6'BG}4ED/q4D2C-/,'''3A''4A{6EC}'4A2E4.F''D{'6.B6G}4E2D4.C
300257402_0,''4C-D-/E-FA/G-'B-/''C-2-/,''4.CDE4F'''3A''4A4.G'B''C
201009482_0,{8.6'AB}/2''C8.6-{'ABG}/2E4-{8.6ExF}/4GGA{8.6''C'B}/4G{8.6GB}4''D-/,{'8.A6B}''2C{'6A8.B6G}4.E{''8.E'E6xF}2G4A{''8.C'6B3G}4.G6B''4.D
00000403005430_0,'4G/4.G8B''8.6C'BA''D/4C'B-,'4G4.G{8B''8.C'6B8.A''6D}4C'4.B
190005597_0,4-'{8GG}''{C6CC}{8DD}/{8.E6E}4E-,'4G''CD2E
220034014_0,4''EC'G-/G''CE-/6{EDCD}{EC'G''C}{'BAGA}{BGDB}/,''4E3C4C'4.G4G''C4.E{6DCDEC'3.G''6C'BAGABG3.D8.B}
550283116_1,=19/2''C8'{B''C}/4-2'A4G/-2''F8{GF}/4EE2-/4-2C4E/2.D8{EG}/,''2C'8B''4C'2A4.G''2F{8GF}2EC4E2D8E4G
840011310_0, 6-/-5/'4-8-6AB4C'8AC/'AA4-C'8BA/GG-6GG4G8AB/BB,{'6AB}4C{8AC}4.A4C{8BA}2G4G8A2B
270001767_1,"{6,AxGAG}{AGAG}{AGAG}{AGAB}/4'C2C4C/{6'C,B'C,B}{'C,B'C,B}{'C,B'C,B}{'C,B'CD}/4E2E4E/","{,6A'3xG'''C,3.xG6A'3xG'''C,6.A'3xG'''C,xG'A'''3.C'3xG,6A3.xG6A'3xG'''C,xG6A3.xG6AB}'4.C{3C,B'6C,B'C,B'3C,B'6C,B'C,B'C,B'CD}1E"
550500673_0,'4GG''C-/8-{'GGG}{''CD}4E/8-{'GGG}{''CD}4E/8-{'GGG}{''CDED}/4C'B2A/,'4GG''4.C'3A4.G{''8CD}4.E'8G4G{''8CD}4.E'G{''8CDED}4C'B2A
450059420_1,"=/8''{C6'BA}{GFED}8{CGEC}/4,G-2-/","{''8C'6BAG3.F3E6D8CGEC},4.G"
450114494_0,''2C'G/8.6{AB''CD}4EC/2FxC/8.6{DEFG}4AF/,''2C'G{8.A6B''8C6D}4EC2F2.D{6E8.F6.G}4AF
550508062_0,1B/4''C-2-//:2CD/'B4''CxC/2D4bEnE/8qG2Ft4E8-,'2.B''2CD'B''C2.D4EGF4.E
00000403011536_1,'=4/2G''C/E4EE/2G4CF/2E4D-/,'2G''C1E4.G4CF2E4.D
450106025_0,4-8-''C/4C'B''C8-C/4CDE8-C/'4.B8B4''CE/2E4D,''8C4C'B''CD4.E{8C'3B}''4CE2E4.D
450055073_2,4.''E8D4C'B/{8''CD}2E4D/,''4.E8D4C'B{''8CD}2E4.D
859000315_0,{8''CC}4C{8EE}4E/{8GG}4G-G/,''2C4EEG2.G
453004254_0,8'EEE/4AABB/2.B4B/4.8''CCDC/,'4.E2A4BB2.B4B''8C4.D4C
570004600_5,2''C4C/2'A''C/2-'A/''C'G/4.A8A2B/''C'B/2.A,''2C4C'2A''C'A''C'GAB''C'BA
1001203181_0,''2G{8GB'''C''A}/2G{8GB'''C''A}/2G{8FEDC}/4.D{6EF}4E-/,''2G{8B'''C''A}2G{8B'''C''A}4.G{8FEDC}4.D{6EF}4.E
270000313_0,4''C'C-{6CEG''C}/4Ct'B-{6DGB''D}/{8D'Bt}4''C-,'4.CC{6EG''C}4C'4.B{6DGB''8.D'8B}''4.C
600263256_0,''4866488C{E-E}'xGA-/''D{F-F}'bAG-/,''4CE'2A''4DF'2G
451505183_0,4-'G2G2.''C4D2'B4''CC2D2.4EG,'4G2G''C4D'2B''4C2DE4.G
00000400167135_0,2.''E{8.D6E}/2.C{'8.B6''C}/2.D{8.C6D}/2E,''2E{8.D6E3C}2C{'8.B''6C}2D{8.C6D}2E
605201750_0,''2C4D'B/''2C'G/4G''CDE/2D4CC/2D4C'E/2D4C4-,''2C4D'B''2C'G4G''CDE2DCD4C'E8D4.DC
00000403005544_2,8-2-/=1/4.-'8G4AG/''4.C8C4EC/,{'8G3A}4AG''2C4E4.C
100029289_6,0---9-/1-2''D4FF/1E4E4.A8A4D/,''2D4FFE'''3A''4.AD
225005176_0,{8G6GG}{8GG}{''C'G}{EC}/{''C6CC}{8D6CD}2E,'2G{''8C'GE}4.C{''8D6CD}2E
455010023_3,1'A+/4A{8''FE}{DC}{'BA}/1xG/4AE2A+/4A{8FG}{AB}4''C/'B{8''CD}4E{8D'B}/1A/,'2A{''8FEDC'3B8A3xA}4AE2A{8FGAB}''4C'B{''8CD}4E{8D'B}2A
454502334_0,"'{8C,B'CD}{EDEF}2G/EG/''CD/(C)","{'8C,B'CDEDEF}2GEG''CDC"
451026141_0,=/2-4-{8.6'''CD}/''8B-{8.6AB}8G-{8FG}/,{'''8.C6D''8.BA6B}4G8F4G
854005706_0,''2C+4.C8C/4.D8D4.E8G/{EC}-G,''2.C2D4.E{8GE}4C{8.G}
553014667_0,'2C4CC/2CE/4.E8G{8.E6G8.E6G}/{8.A6F}''4C2-/,'6.C1C''4.C'1E{8G8.E6G8.E6G8.A6F}''4.C
100198421_4,1-/2.'A4G/{8AG}4FE''E+/E2D4C/2'B4A,'2A4G{8AG}4FE''2ED4C'2B4.A
452010994_0,8-{''xDE6-C}/{'8GB''C6-'G}{8ExFG6-E}/4.C{6CD}{FEDC}{AGFE}/{''C'BAG}{''FEDC}{AGFE}{'''8.C''6B}/{xGABA}4A,''4E{6C'8GB''8.C'6G8E}4G{6E6.C}4.C{6DF3E6DCAGF3E''6C'BA3.G''6FED6.C3A6GFE'''8.C''6.B3.xGA6.B}4.A
00000406001112_0,'4.G8E{DE}4F/4.F8G(2A)/8GEGAG''C'AG/FEFA,'4.G{8EDE}4.F8G2A{8GEGAG''C'AGF6.EF}4A
1001208651_0,=10/{8''xDB}4'''C+{8C''BbBA}/{bAG}4A+{8AGxFnF}/{ExD}4E+{8EbEnDbD}/,{''8xDB}'''4C''B8A'''4.xG{''8GFD}4xC
00000402009181_1,''4.C8C4CC/2.C4C/2C'A/G4GG/''2CD/FE/,''4.CC4C2C2.C'2A1G''2CDFE
850781104_0,6''C/4.C3-{3'GAB}{8.''C6C}{8.D6D}/4.E6-{3CD}{8.E6E}{8.F6F}/4G+8G-,''6C4.C{'6G3AB}''4CD4.E{3.C3D}4E6F4.G
1001065821_0,''4AxG{6AnGFE}{DC'BA}/{''8E'E}{E6xFxG}{8A6AB}{''8C6CD}/{8E'E}{E6xFxG}{8A6AB}{''8C6CD}/{8E'E},''4A'''3xG''4A{6GFEDC'B3.A}4.E{6xF3xG}4A{6B''8.C6D}'4.E{6xF3xG}4A{6B''CD}'4.E
650003915_0,8-{'bEbA''C}{6C'B''bDC}{EDFD}/q8D1C/2CbD/1D/,{'8xD6xG''8CE6F}1C2D
300512974_2,'{8CDEC}{GABG}/{8CDEC}{GABG}/,{'8CDECGABGCDECGAB}4G
700007625_0,2.-8-''C/4.C8CDEFG/@3/4 4E8DE'AB/''CC4.'B8''C/2C4-/8-C'B''C'AA/B''C2D/,''8C2C{8DEFG}4E{8DE'AB''C}'4.B{''8C'B''C}'4A{8B''C}2D
603002329_0, 4-''4G4.G8G/2G-/4bE8{EE}4DD/4.bD8D2C/'4B8{BB}''4CC/4.D8D,''2.G8G4xD2C'8B''4C2D
000141192_0,"{'8EF}/{xFGAG}{DEnFG}/{CDEF}{,B'CDE}/{,AB'CD}{,GAB'C}/{8.D3EF}4E2-/","'8E4F{8GAGD3F8EFGCD3F8EF,B'CD8.E,6.A8B'CDG,6.A8B'C8.D3EF}4.E"
450019056_0,''4.E6{FE}{D'BG''D}q8D4E/6{GECE}{FAGE}{FAGE},''4.E{6FED'B3.G''8.D8E6GECE6.F3A6GEF3A6G8.E}
1001275064_0,//:2''C4C'B4/AG2A/4GG''CE/,''2C4C'BAG2A4GG''C4.E
450203123_1,2'F/ED/DxC/2.4DxC/,'2FE8D2DD''4.xC'4D2D''4xC
464120367_1,4-/=74/'''2C''4.C8C/2G8-{'G''8.E6D}/{8DC}8-8C{8.C'6B''8.D6C}/4.G8xF4nF4-/,'''4C''2C3G'2G{''8.ED}2C{'6B''8.D}4.C3G4.F
458000571_0,"'4(3FbB''CFC'B;6)(3FbEC,B%F-4 FC;6)/2,,F+{8F6-,C}{8bB6-B}/4.bAt","{'3FxA''3.C3xD,3.C''3C,,F''C,F''C,,3.F''3C,,6FxFF,6.C,,3B},4xA2xG"
840016235_0,"4-8-,6EE8AA-6G'#C/,8BB6BBBB8B#F","{'8.E,8A8.A'6GC},4B'3C,4.B'4F"
705000044_1,8'G+/6GA4.B8B4B6AG/4F-8-6FF8F6FF/E+8E-,{'8.G6A}2.B{6AG}2F4FE
705000767_0,"4'''C'C2-/4''B,B2-/4'''C'C-8{'''CC}/4xC8{DnC}4''B8{'''C''B}/4(6{AEC}{'AAA};6)","'''4C'8C''4CB,4.B'''4C'C'''C''B{'''8C''B'''3A''E3.C'8.A}"
850778533_1,=3/2-4'(-)(-)/4-{8G3GAGF}4E-/''C8'B-4''D8C-/,{'8.G3AGF}4.E''4C'B''DC
00000400100864_0,''2C4CC/2DC/'1B/''2D4DE/2FE/2.D4G+/GF2E/1D/D/,''2C4CC2DC'2.B''2D4DE2FED4.G4F2E1D
370000165_0,"'4E{8.C6C}{8C,G'CE}/4C{8''EG}{8F6ED}{'8B6AG}/4C",'4E4.C{8GCE}4C{''8EGF6ED'8B6AG}4.C
850030603_0,1''D2D1G2ExF2G+/GxFGD'B1''E2D/,''2DD4.G2E2.G2D'B''ED
00000408003253_0,''4.C'8G''4.E8C/4GEC8-E/{FEFG}{AGAB}/'''8C-''G-E-C-/G-'G-,''4.C'8G''4.E8C4GE4.C{8EFEFG6.A8GAB'''8.C}''4GEC'4.G
458000006_0,8'E/4.E8xF4.F8A/4.A8BB''D4D/4.D6C+'B2B+/2B+8B--A/4.A,'2ExF8A4.A4B''8D4D4.D6C'2.B2A
453001057_0,4'CDEE/2F(4E)-/EDEF/G{8FE}(4E)-/,'4CD2EFE4D3F4EFG8F4.E
551005890_0,''2C4EC/2'B4G-2''/C4'G''C/2D'4G''D/4E{8DE}4FE/DC'B''C/D'GAG/2''C4EC/,''2C4EC'2B4.G''2C'4G''C2D'4G''DE{8DE}4FEDC'B''CD'GAG''2C4E4.C
450005239_0,''4C{8CC}{'A''6AG}{FEDxC}/{8.D6F}{EDC'B}{''CDEF}{GAB'''C}/,''2C{'8.A''6GF3E}4D{6FEDC'B''3C6DEF6.G3A6B'''8C}
302002466_0,'2G/CG/(E)''E/DE/FE/1D/2(C)'G/C-/,'2G8C''4.C'2G4.E''2.E2DEFEDC'GC
1001250181_0,"{8.'''G6xF}/{8.nF6E8.D6C}{8.''B6A8.G6xF}/{8.nF6E8.D6C}{8.'B6A8.G6xF}/{8.nF6E8.D6C}{8.,B6A}{8.'G6B}/4''CC{8EDCD}/4.E8D4C{8DE}/","'''4G{8.F6E8.D6C''8.B6A}4G{8.F6E8.D6C'8.B6.A}4G{8.F6E8.D6C,8.B3.A'8.G6B}''4C{8EDCD}4.E8D4C8D4E"
550031977_0,''8.C'6G8G''EDEDxF/4G8-'G{6AG}AB{''C'B}''C'B/{''C'B}''C,{''8.C'G''8EDED}'2G{6.A6GAB''C'3B''C'6B''C'B''8.C}
464140790_0,2-4-8-'8G/4.G8G4AB/2''C4-C/,'2.G4AB''1C
452518175_0,'2G/GG/AG/''CC/C'B/1A/(G)/,'2G'''3B'1G2AG''CCC'BAG
1001025933_3,(1A)/8-{AAA}-{AAA}/-{AAA}-{AAA}/-{BBB}-{BBB}/-{AAA}4A-,'2A4A4.A2.A4.A4AB2B8A2A
452011256_0,'1C/2.G4F/EC''2C+/C'B/''C4EE/2D'4GG//:2GG/,'2.C2G4FEC''2C'B''C4EE2D'1G
840014495_0, 4-CC'8BB/CC-C4D'8BB/4C'A8BBBC/D6CD8EDC'6BC8DC,'2C8B2C4DBCA4.B{8CD6CD8EDC6BC8D6.C''C}
553005031_0,2-''E/4..D6G4G-/2-'E/4..D6G4G-/,''2ED6G4G'2E8D4.DG
450057051_0,8q''B6{A3xGA}/4.'''C8q''B6{A3xGA}4.E8q''D6{C3'B''C}/4.'A8A+A4A8A/,{''6B3.xG3A}'''4C{''6B3xGA}4.E{3.D3C'B''3.C}'4.A2.A
706000823_1,'''4C''C8-{6CD}q6F{8E6DC}/{'8.B''6D}4F8-{6DE}q8G{8F6ED}/,'''4C''4.C{6DFEDC'8.B''6D}4.F{6.D6EGFE3D8.D}
550506909_0,8-''{CCC}{'B6GA}{8bBB}/{A''DDD}{xC6'AB}{''nCC}/'4BGAB/,''4.C{'8B6GA}''4D{'6AB''8C}'4BGA4.B
451001211_0,1-'E/2GABG/AB''C4-'A/2A''DC,'2EGABGAB''C'4A2A''DC
1001156374_1,4G8GG4.B8B/4G2E4E/GGGG4./B8''xC'4B-/,'4GG2B4G2E4E1G4.B''8xC'4.B
850648523_0,4''A{8.A6B}4G{8.G6A}/{8.F6F}{8.B6B}4CD/8G,''4.A6B4.G6A4FBCDG
350000828_0,44G/4.E8D4CG/AFFA/4.G8E4E8DC/4EED//,'4G4.E8D4CGAFFA4.GE{8DC}2E4.D
1001188169_0,"4.,G^'E^''C8E{'G6-''C8'E6-A}/{8G,G^'F,G^'F,G^'F}4,G^'F-/","''4.C{,3G''C,G''8E'8.G''6.C'8.E6.A8G}4F{3.G8.F,G}"
240007141_0,4''E-G-/'''C-6-{'AB''C}{DEFG}/,''4.EG'''4C{'6.A6B''CDE3.F3G8.G}
850608027_0,''6C/4C8.-6E4E8.-6A/2A-/=/4-'8E-4E-/-8F-,''6C4.CE6.A4A'2E4F
1001243094_1,''{8GE}/{AFDF}{D'BGB}/''4CDE{'8G''C}/{'A''D'B''E}{CFDG}/4FED,{''8GE6.A8FDFD'BGB}''4CDE{'8G''C'A''D'B''ECFDG}4FE4.D
00000402006702_0,"'4C,B'CD/EDEF/GAB''C/'2.B","'4C,B'CDEDEFGAB''C'2.B"
605018522_0,4-EEE/DE2F/4E2G4G/2F4E,'2.E4DE2F4E2.G2F4.E
1001164893_0,4''C{8.E6F}4GA/2.G{8.E6G}/4F{8.D6F}4E{8.C6E}/2D4'G-,''4C{8.E6F}4G3A4A4.G{8.E6G}4F{8.D6F}4E{8.C6E}2D'4.G
1001192264_0,{8CD}/4.E8F4GE/4.D8E4FD/EG''C'E/ED-,{'8CD}4.E8F4GE8D4D8E4FD3E4EG''C'2E4.D
450017509_0,''2CE/8{DCDE}4C-/2EG/8{FEFG}4E-/,''2CE{8DCDE}4C2E4.G{8FEFG}4.E
1001030079_0,''4..C6C{8.C6C8.C6C}/2.D4-/''4..E6E{8.E6E8.E6E}/2.F4-/4..xF6F{8.F6F8.F6F}/8G-4G,''4.C2CDEExF2.G
455011164_0,8''C/4EG'''CC/C{8.C3DC}4''G8-'C/{E6CE}{8G6EG}{8''CCCC}/,''8C4EG'''C2.C{3.D3C}''4.G{'8CE6CE8G6EG}''2C
850024344_0,{8'Aq6''G8Fq6E8D}/q6E8{DxC}4-8-{EFG}/{G'G},{'8A''6GFED8.E3D8.xC8EF}'2G
1001229771_0,1-/2-4'G''E+/8E4D8C+{C'B}4At/8G,'4G''4.E4DC'8B4AG
201011307_0,2''C4..6'G''D/4DE2C/C4..6'ExF/4xFG2E/,''2C'4.G''D3E4E1C'2E4.G4G2E
800261841_0,4''C{8.6CC}4CC/2Ct{8D'BGF}/{EG},''2.C4C2C{8D'BGFE8.G}
452005732_1,=20/2''CE/2.G8FE/4D2C4'B/''CC2-/,''2CE4.G{8FE}4D2C'4B''4.C
450005061_0,8-{''ECE}4.D8D/4E-2-/8-{GGG}{GG}4-/2-8-{GGG}/,{''8ECE}2D4.E2G2.G
1001223425_0,'4C/EG''CE/2DE/2.F4E/DDDC/'2BA/2.G,'4CEG''CE2DEF4ED2D4C'2BAG
100500611_1,4-''ECC/8{FG}{FE}4DD/-8GF4E8ED/C'A2''C8'BB/2A4G8-B/,''4E3C4CC{8FGFE}4D4.D{8GFEDC'A}''2C'8B2A4.G4B
00000405000316_0,=5/2-4-'G/''2C'4GG/''2.C'4B/''C8{DE}4.F8F/1E/,'4G''2C'G''C'4B''C{8DEF}2E
212001380_1,"6.-3'{A6.,A3A}6.3{A'A,AA}2A/6.-3''{E6.'E3E}6.3{E''E'EE}2E/6.3-''{G'GG}{G''G8G}","{,8A'''3xC},4A{'''3xC'A},2A'1E2G"
1001239752_1,=1//4.''C8EDC'BA/{8.G3BA}4G2-/4.D8EFFAG/4E-2-/,''4.C{8EDC'BA8.G6B3A}4.GD{8EFAG}4.E
550264261_0,''4G8{CF}4EG/A8{FD}{EGAB}/'''4C''B4.A8G/G,''4G{8CF}4EG'''3A''4A{8FDEGAB}'''4C''BA4.G
1001087725_1,=/2-4-E/A8BB{''CE}GF/4ExC2xD/,'4EAB{''8CEGF}4ExC2xD
850609870_1,=4/''1A/4G-2-/=3/2B'''C/8D-4-2-/''B'''C/,'''3A''4A4.GB'''4C8.D''4.B'''4C
806149779_0,''2D4DD/2C'B/1A/=/''2D4DD/2C'B/1A/=/,''2D4DD2C'BA''D4DD2C'BA
840027990_0,4-'8AA''4.D6DE/4FD-,'4A''2D6E4F4.D
1001043856_0,q''8C'''2C''4GE/2C+{8C6DE}{FGAB}/'''2C''4AF/2C+,''4C'''C''GE2C{6DEFG3.A6B}'''4C3A''4AF2C
1001026465_0,4.'C6{EG}4''CE/4.G8E8.6{FEFG}/4F8E-6{FGAF}{EFGE}/,'6.C''4C{'6.E3.G}''4CE4.G{8E8.F6E8.F6G}4FE{6F6.G3A6FEFG8.E}
1001270271_3,4.''C8D4ED/2C'B/4.''C8D4EF+/F2D/,''4.C8D4ED2C'B''4.C8D4E2FD
455021605_0,{8.6''EF}/4(8{GEC};3)4C{8EF}4(8{GFE})/({ExCD})4D-{8.6DE}/4(8{FD'B})4B{8''GxF}4(8{GnFxD})/,{''8.E6F6.GEC}4C{8EF6.GF8.E6.D}4.D{8.D6E6.FD}'4.B''G{6.F8.xD}
1001207640_2,4''C8-C{DEFG}/4AA3{qbBAGA}4bBA/xF8G-,''2C{8DEFG}2A6G4xA'''3A''4A2G
000141988_0,''8C/2G+4.G{6EC}/{AF'''8C}{6C''A'''C''A}{xFG},''8C4.G{6E6.C3A6F'''8.C''3.A'''6C''3.A6G8.G}
1001096186_0,"=3/6-''DxC'B8A''D6.''xF3E6D8xC/6D'A-%F-4 6,A/4A6D%G-2 6'AB''xC8ED%F-4 ,6A/","{''6DxC'B8A''D6.xF3E8xC6D,8A''3A'''xC},4A{6D'AB''xC8E8.D,8A}"
456003023_0,{6''C'''CCC}{8.''D3EF}{6EGGG}{8.'B3''CD}/{6CCDE}{8.D3EF},''4C{8.D3.E3F6E8.G'B''3CD8C6DE8.D3.E8.F}
110001721_0,''4E/2G4CE/i/8FG4FED/,''4E4.G'3B''4CE4.G4CE{8FG}4FE4.D
00000409002849_0,''1A/@5/4 1B4-/@c =2/'''4.E8D+4D''8{bBA}/1A/B/F/,'''3A''4A4.B'''4ED{''8xAA}4A4.B2F
550268153_0,{8''G'''C}{6''GFED}{EFEF}{GFED}/,{''8G'''C''6GFEDEFEFGFE8.D}
850030802_0,2.''C4C1D/1CC/C-/=4/2.D4D2EG/G,''2C4C2DC1C2D4D2E2.G
280001309_0,2''E4CD/2E4'B-/2''E4GF/2E-/E4CD/2E4'B''D/2GxF/G-/,''2E4CD2E'4.B''2E4GF2E4CD2E'4B''D1G
00000400103303_1,''4GG4.G{6ED}/'4BBB-/''CCDE/{8GxFnFE}{DEFxF}/4GG'''C-/,''2G4.G{6ED}'2B4.B''4CDEG{8FEDE}4FGG'''C
100029665_0,2''C4EE2F4DG+/GF2.E,''2C4EE2F4D4.G4F2E
455029680_0,{8'G''E}/4EE{8GF}ED/4C{6ED}{CD}4E8-E/4D{6xCD}{ED}{8DA}{6GF}{ED}/,{'8G''E}2E{8GFED}4C{6EDCD}2E4.D{6E8.D6.A6GFE3D8.D}
900005644_0,4.''C8C4'G8-''C/4'B{8''CD}{8.C6'B}4''C,''2C'4.G{''8C'3B''C8D8.C'6B}''4.C
703001943_0,{'''8C''3GFED}{8C'3GFED}{8.C6''G}{8G3GFGA}/,{'''8C''3.G3FED8C'3GFED8.C}''4G{3F3.G6.A}
850020746_0,'3{GAB}/''8{CCCC}{DDDD}/{EEEE}{FFFF}/{G6AG}{FEDC}q8C'4B-/,{'3.G3AB}''4C8D4.E{8FG3.A6GFED8.C}'4B
225001675_0,4'E/2A4GE/2''C4'B,'4E2A4GE''2C'4.B
250000787_0,''2C{8FE}{DC}/2.G'4B/''2C+{8CE}{DC}/'4B-,''2C{8FEDC}4.G'4B''2C{8EDC}'4.B
225004188_0,8G/4''CC{6CDEF8G}8C/4D{8D6EF}4E8-'G/{6''CDCD}{6EFEF8G}DED/,'8G''4C4.C{6DEF8GC}4.D{6EF}4.E{'8G''6CDCDEFEF8GDE}4D
840028651_0,-/4-8-'G''8.C6E8.D6F/8.E6D8.C6E8.D,{'8G''8.C6E8.D6F8.E6D8.C6E}4D
600054490_0,"{'8C''CEG}{'C''C,G''F}/{EGEC}{'C''C,G''F}/",'4C{''8EG}'4C{6.G''8FEGE}'4.C6.G''4F
551002472_1,'4.G6{GE}{AG}8G-{6GE}/{EF}8F-{6AF}{FE}8E-,'2G{6EAGG8E6A8F}4E
1001248037_0,=2/2-4-8-'bB/bBBBB4.B8B/4-8bBbA{B''C'BA},'2xA4.xAxA{8xGxA''C'xA}4xG
201009308_4,4.8''EF4G8-G/{G6FE}{8FD}4E-/,''4.E8F2G{6FE8FD}4.E
00000404000342_1,=/2-4-'E//:AEA8-xG/4AB''C8-,'4EAE2.A4B''4.C
450109642_0,''C'''C''BA/{8G6AB}{8'''C''E}{FE}4-/2-4.C{6DC}/'{8BG}{G6AB}''{8C6DE}q8G4F/,''2C4B3A4A{8G3.A6B'''8C''EF}4E4.C{6DC'8B}4G{6AB''6.C6DE8G}4F
000128416_0,'''8C^''E^'Gg''D{6C'B}{''8CE}GgF{6ED}{8EG}/'''4C-2-/-(-)/,{''6.E3D6C'B''8CE6.G3F6ED8EG}'''4C
701001114_1,=3/2'B4BB/''C8EE4ED/E2E4D+/DCC'B/2''C,'2.B4B''CEEDE2ED4CC'B''2C
454501387_1,''2.C4-/2.C4-/{8CCCC}4C-/{8EEEE}4E-/,''2C2.C2C2.E
350000503_0,4/2G4GA/EEDE/GGGA/2.E4-/,'2G'''3B'4GA2E4DE2.G4A2E
190011679_0,'8G/68.{B''C}{'B''C}({8CGF})({8EDC+})/({8CAC})qC'4B-,{'8G6B''8C'6B''8C'3B''6.CGFED8.C6A}4C'B
705001088_1,1-/8-'EEEEEEE/4A-2-/,'1E4.A
452515013_0,''2C4EG/D+{6D3C'B}{AGFE}4D-/2G4B''D/C+{6C3DE}{FGAB}'''4C-/,''2C4EG4.D{3.C'3B3.A3GFE8D8.D}2G4B''DC{3.D3EF3.G3AB}'''4C
550271124_5,8'AAAAAAAA/1-/8-''FE6DE,'8A2.A4.A{''8FE6D8.E}
1001102115_0,{''8.C6C}{''8.C6C}{''8.D6D}{''8.D6D}/4E8-E{DG}-G/,''2C8.D4.D2E8D2G
455040187_0,"{8.'''C6C}4C{3''GFED}{EDC'B}{6''C'CEG}/{8''C6E'''C}{''F'''D''E'''C}{8''D3DC'BA}{BGxFEDC,BA}/","'''8.C4.C{''3.G3FEDEDC'B8C6EG''8C6E'''C''F'''D''E'''3.C''8.D3C'BA3.BG3EDC,3.B8A}"
303005434_0,4'C{8EG}{8''C8'BAxG}/4'A4''DF4-/4'B4''D4.G8F/4''E4-4.D8E/,'4C{8EG''C'B3A8xG}4A''D4.F'4B''D4.G8F4.ED4E
452518637_0,4-'EAB/''C'BA{8BA}/{xGxF}(4E),'4EAB''C'BA8B4A8xF4.E
550071367_1,=5/''8C'4G''8E{6D'B}4G''8F/(6{EG'B})''8C4-2-/,''8C'4G{''8E6D'B3G}4G{''8F3.E3G'3.B''8.C}
850620143_0,2''D4'B''C/2DE/D4-A/''DD2D/D4-D/DE2xF/1G/4E8EE,''2D'4B''C2DED3A4ADD2D1D4E2.G2E
850005087_0,g''A{6G3FE}/q8D1C+/{8.C3DE}6{FGAB}{'''8.C''3BA}8{GA}/,{''6G3.F3E}2DC{3.D3E6FG3A6B'''8.C''6B3A8G8.A}
550265065_1,''8C/4.C8D{EC}{FD}/2G{6GGAG},''2C{8DECFD}2G{3A8.G}
1001257517_0,{6.''G3G6.G3G}{6.''G3G6.G3G}{6.G3'G6.G3G}{6.G3G6.G3G}/{6.''E3'''C6.C3C}{6.C3C6.C3C}{6.''B3G6.G3D}{6.D3'B6.B3G}/4GGAB/''C'GAB/''C'G,'1G''6.E'''4.C{''6.B8GD'B3G}4GGAB''C'GAB''C'4.G
451001210_0,1-'D/2DExFG/1AG/''C2.4'BA/2G1xF,'6.D2D4.D2E1G2AG''C'2.B4A1G
000128838_0,'4G''C'FB/4.E8G{FAGF}/{GEFG}{AB''CD}/,'4G''C'FB4.E{8GFAGFGE6.F8GAB''C}4D
1001026362_0,{8CCCC}{CCCC}/{''CCCC}{CCCC}/{xFFFF}{FFFF}/4G-2-/{8'GGGG}{GGGG}/{''GGGG}{GGGG},'1C''4.C2C4xF4.xF4xF2G'G4GG''1G
1001061299_1,=/2.''G6{AGFE}/q6E8.6{DxCDC}4D-/,''4.G{6AG}4.F8E4.D
1001091083_1,4A4-2-/1-/2-4-8-A/2.''A4G/E4-2-/1-/2-4-8-'A/''2.A4xD/8E'BxGE4A4-/,'2A'''3A''4AG4.E'8.A''4A4.E{'8BxGE}4.A
1001082087_0,4''E/2.E4E/4FE2-/2.D8{ED}/,''4E2.E4F4.E2D8E4D
452028395_0,3'{GAB}/''8.{C6'G8.E6C}4''D+{6DC'BA}/{8.G6''F}{8E6FD}2C/,{'3.G3AB''8C'6G8.E6C}''4D{6C'BA8.G''6F8E6FD}2C
1001163897_2,4.'''F4nDnC8''bB/4.'''F4nDnC8''bB/4(4'''F8nD;3)(8{bEnEF})+4(4'''F8nD;3)(8{bEnEF})/,'''4F{8.D3FD}4C''8xA'''4FDC{''8xA'''8.FD6E8.FD6.E}4F
455040464_0,4'G/2G4.A8B/2''C4CC/2C4.C8D/2E4-E/,'4G2G4.A8B''4.C8D2.E
1001208487_0,''4.G{6EG}qqGr{8FE}-C/{8.D6A}{GFED}{8.E6F}{8GC}/{8.D6'''C}{''BAGF}{(EDC)}8C-,''4.G{6EG8F8.E8C8.D3.A6GFED8.E6F8GC8.D'''6C''6.B3A6GF3.E3D}4C
220035572_0,8{'GAB}/4.8''C'G''ED/2C4-C/8.{F6E}4D-D/8.{G6F}4E2-/,{'8GAB}''4.C'8G''4.E8D2.C{8.F6E}4.D4D{8.G6F}4.E
454014029_0,2'B/''C'A/GE/FG/AG/,'2B''C'AGEFGAG
553013402_1,"'4F''4.D8C'BxF/D,bB'xGE,4A'8GbE/FbD","'4F''4.D{8C'BxFD,3xA'D,6.xA'8xGE,8.A'8xGxDF6.xC''8xC}"
1001210618_0,4-'A''C'B/-4.''E8{xD'B''C}/2D+8{DFED},'4A''C'4.B''2E{'8B''C}2D{8FE}4D
455025673_0,8'G''ED/{DC}4C{8DC}{'BA}/{AG}4G8-GB''D/4.F8D{C'B}{AG}/2''C4-C/,{'8G''E}4D4.C{8DC'6.B}4A2G{8B''D}4.F{8DC'BAG}''1C
455037312_0,8-'G/4.8AFBG/2''C4'AA/4.G8G{BA}{GA}/2G4-G/,'8G4.A8F4.B8G''2C'AG{8BAGA}2.G
453502604_0,8-{GEF}{D6EF}{8GF}/-{''GEF}{D6EF}{8GG}/,{'8GEFD6E3.F6.G}4F{''8GEFD6EF}4G
800228086_0,"9-1D/2EDC4DC/,B'CDE/2FE/","'6.D2DE8D4.D6.C''4.C'4DC,B'CDE2FE"
00000403013051_0,"'8-D4F+({8FEC})({,B'DF})/({A''C'B})4G+({8GFA})(''{CED})/'4.B","'8D4.F{6.EC,6B'6.DFA''C'B}4.G{6.FA''C6E6.D}'4.B"
1001016517_0,2.F4E/1F/E/2.F4G/2A4GF/2.E4E/2EF+/FA+/4A{8GF}2G/1A/,'4.F4FE4.F''4F'2.E2F4G2A4GF4.E1E4.F''4F'2A{8GF}2GA
455010178_2,=8/8-''D'B6B''C8DE4-/2-8-CC6CC/8C'B4-2-/,{''8D'8.B''3C8D}4E2C{'8.B}
450116861_0,''4.C'8B4AB/''CDEC/4.F8E4DC/'4.B8A4BG/,''4.C'8B4AB''CDEC4.F8E4DC'4.B8A4B4.G
00000403013214_1,'4-/=1/2-4-8{GA}/''4.C'8A{GFGA}/2G4E,{'8GA}''4.C{'8AGFGA}2G4.E
702002339_1,"4.'D3-{,AB'xC}4DD/4.D3-{,AB'C}8{DExFG}/{AxFAF}{GExC,A}/2'D-/","'6.D4D{,3AB'xC}2D4D{,3AB'3.C8DE3xF}4.A4G{8E8.xC,6.A}'2D"
530005297_0,=/{8.6''GC}{6.3CGGG}{ACCC}{CAAA}/,{''8.GCG6A}4C{8A6.A}
1001225373_0,{8.6''CC}4C+{6C'BAG}{AB''CD}/{8.6EE}4E{6EDC'B}{''CDEF}/4G,''8.C4.C{'3B6AG3.A6B''CD3E}2E{6DC'B''3C6DEF}4.G
00000402009218_0,''2-8{EG}{6xDExFD}/{8E6DC}'4Bt''{8CE}{'6B''CD'B}/''8{C'B}''4C,{''8EGxFE6DC}'4B{''8CE'6B''CD'B''6.C'8B}''4.C
270001863_1,2-4-({8'DDB})/({''D'FB})4''D-({8'FF''D})/({F'bA''D})4F-({8DDF})/({bADF})({ADF})({ADF})({ADF})/,{'8.D6.B''D'6F6.B}''4.D{'8.F''6.DF'xG''D3F}4.F{8.D6.F6xG6.DF6xG6.DF3.xG6.DF6xG6.D8.F}
1001163834_1,4-4.'G8A{FG}/4E8{DE}2C+/4CFDE/4.A8A4BB/,'4.G{8AFG}4E{8DE}2C4FDE2AB
452507055_0,"'''4C-''G-/E-8-{'C,B'C}/{DCFE}{AG''C'B}/{''DCFE}{GFAG}/2.G","'''4C''4.GE{'8C,B'CDCFEAG''C'B''DCFEGF6.A}2G"
450109071_0,4-/=3/2-4-8.G6G/2''C+{8C'G}EC/2G4-8.G6F/4E8G''C{ED}{C'A}/{8.G6xF}4G-,'4G''2C{'8GEC3G}2.G6F4E{8G''CEDC'A}2G
1001208316_0,E/''4.8C'BAxG/2A4E-/4.8AB''CD/E{6DC}'4B-/,'4E''4.C'8B2AA4.EA8B''4.C8D4.E{6DC}'4.B
1001073523_1,4''C'GB''C/{8CD}{EF}4ED/C+{8CEDC}{6C'B}{xAB}4B/,''4C'GB{''8CDEF}4ED4.C8E4.D8.C'4.B
00000403010477_0,''4C8.C6C/2.bD4-/-8-bD2F/,''2xCF
100029187_0,2.''D4EFGE2G4FFE2D4-,''2D4EFGE4.G4FFE2D
300044528_0,''2C{8DC'B''C}/{E'B}2G''4C/{'8BA}2A{8B''C}/{C'G}4G8-{CEG}/4qGF2E4D/,''2C{8DC'3B''8CE'B}2G''4C'8B2.A{8B''C'G}4.G{8CE}4G8F2E4.D
1001210171_0,8'C4E8G{6''CE}4G8F/({6EDC})4G8F6.3{ECFD}{ECD'B}/,'8C4E{8G''6CE}4G{8F3.E3D3.C}4G{8F6.E3.C6.F3.D6.E3C6.D'3B8.B}
450061392_0,4-2''C4'B/4.''C6{DE}4D-/-2''C4'B/4.''C6{DE}4D-/,''2C'4B''4.C{6DE}4.D2C'4B''4.C{6.D6E}4.D
452020778_0,2-''E+/{8E6DC}{8'B''C}4'BA/GE2''G+/{8G6FE}{8DE},''2E{6DC'8B''C}'4BAGE''4.G{6.F6E8D}4E
858000134_2,{6'xAAAA}!{AAAA}!ff/i/2''xC-/4-{8.6'xFxD}4A^F-/=/,'6xA4.xAxA2.xAxA''2xC{'8.xF6xD3A8xF8.A}
600236736_0,8-''{GEC}4G8-G/{EC}4.G{6FE}{8D6GF}/{8ExF}2G4F/,{''8GEC3G}2G{8EC}4.G{6FE8D6G3F}4E2.G
000135544_0,''6C/4GFED/q8D{6C'B''8C}-{3G6.C}{3D'6.B''6C}8-{3G6.C}/{3D'6.B''8C},''6C4GFED{3C'B''8.C3.G6.C3D'6.B''8.C3.G6.C3D'6.B}''4C
1001190593_0,8{C6DE}{FGAB}{''8C6'BA}{GFED}/i/8C-4-2-/,{'8C6DE6.F6GAB''6.C'6BAGF3E6D8C6DEFG3.A6B''6.C'6BAGF3E6D6.C''8C}
550031612_0,''4Cqq3DC'B''Cr2Eqq3FEDEr4F+/{3FD},{''8.C3DC'B''C}4.E{3F3.E}4F{8.D}
452506555_0,{''8.A3B'''C}{''8BD}{8.C'3BA}{''8.E3xFxG}/{8.A3B'''C}{''8BD},{''8.A3.B'''3C''8BD8.C'3.B3A''8.E6xF3xG8.A3.B'''3C''8B}4D
840020435_0,"-30/4-,AA4A8AB/'CC6-CDE8E,A",",1A8B'4C{,3B'C6D8.E,A}"
300001450_0,{6''EG}4G{6FE}{6FD8E}6-{EFG}/{xGA8A+}{6A'''C''BA}{AnG8G}6-{G6FE}/,{''6EG}4G{6FEFD}4E{6F8G}4A{'''6C''6.BA}4.G{6F8.E}
806150265_0,''2D4DE/D'8GA4B''C/'BBAG/,''2D4DED{'8GA}4B''C'BA4.G
450117831_0,6-/4-8-GFE-6EF/4G6-G''C'B''q8D4C-/,{'8GF6EF}4.G{''6C'3.B''8D}4C
553003400_0,''2.C{6C'B''CE}/'2.G''4C/,''2C{'3.B''6CE}'2G''4.C
850016309_0,4-''GG{8GG}/{8.G3AB}{8'''C''E}D4G8D/C4A8C'B4B8''C/{8D6CD}{EGDG}{8C'6B''C}{DGCG}/{8'B6AB}{''CG'B''G}{8'A6GA}{8BB}/8A,''1G{3AB'''6.C''8ED}4G{8DC}4A{8C'B''CD6CDEGDG8C'6B''CDGCG'8B6AB''3C6G'B''G'8A6G3.A}4BA
1001036274_0,4'E/AGFE/2D4(E)B/''CC'BB/2.A,'4EA3G4GFE8D4.D4EB''C'B2A
1001250285_4,4-8-DxGGGA/4E8-E6bBB8B4-/,{'8DxG}4.A2E4.xA
570003191_0,"4C8{CC}{DEGG}/2''CE/8G4GGG8G/{6FEDC}'{BAGF}{EDC,B}{AGAB}/","'2C{8DE3G}4G''2CE8G4G2.G{6FEDC'BAGFE3.D6C,3.A'6.G,3A8B}"
300043039_1,6F{8.F6A}/{8.A6''D8.D6F}/4F{8D'B}/2A4G8-''E/,'4FA''DF{8D'B}2A4.G''4E
852034527_0,''2xC{'6AExFxG}{AB''CD}/{E'AB''xC}{DExFxG}2A/,''2xC{'6AExF3xG8A6B''8D6E'AB''8D6E6.xF3.xG}4A
850617033_0,4''CCC{8CEDC}/4GGG{6GGAB}/{6.'''C3''A6CC}2E{8GEC}{6D'B''8C}6-,''2C4.C{8EDC}4GG4.G{3.A6B'''6.C''3A8C3E}2E{8GEC6D'B''8.C}
000127657_0,({'8GAB})/''4C{8.C6C}4C({8DEF})/4E{8.E6E}4E({8FGA})/4G{8.E6C}4G,{'6.G6A6.B}''4C{6.D6E6.F}4E{6.FG6A}4G{8.E6C}4.G
302003515_0,4.'bBBBBG4F8G4AB2..''C,'4.xAxAxAxAG4F8G2A''C
852033205_0,8'G/8.688''{CD}{CC}{EF}{EE}/{GA}{GG}8{'''C''C}-G/,{'8G''8.C6D}4C{8.E6F8E8.G6A}4G4.C{8.G}
1001203505_0,'8A 4A 8A+6{ABAB} {A''xCD'A} / '8B 4B 8B+6{B''nC'B''C} {'B''xCD'B} /,'2A{6.B6ABA''8D'3.A8B}2B{''6C'B''D'8.B}
1001143572_0,=4c/''2E4E4-/''2E4E4-/2F4C4D/2E4C4-/,''2E4.E2E4.E2F4CD2E4.C
1001104959_2,=1/4-''C'B''C'/A4.8''D'G4''C/'B''E4.8ED/2E-/,''4C'B''C'A''4.D'8G''4C'B''2E8D2E
300234462_0,"'2C4.C8C/4C,G2-/'2D4.D8D/4D,G2-/''2C4.C8C/4C'G2-/''2D4.D8E/4D'G2-/","'6.C2C2.C,4.G'8D1D4.G''1C'4.G''2D4.D8E4D'4.G"
00000409002815_0,=2/4-'xFF8xGG/4-2A4xF/8-4B6AA4.B''8xC/2.D,'2xF8xG2.A4.xF4B8A4.B''2D
212003060_1,4''DA{8F6ED}{8bBB}/{BA}8-({6GAG}){8xF'''C8.''bB6A}/{6bBA8G}8-,''4D'''3A''4A{8F6ED8xA}4B{'''3A''8.A6G3A8.G'''8C''8.xAA}4G
701000643_0,4'G{8''CE}4GG/2xG4A{8B'''C}/4''G{8CD}4ED/2D8(C),'4G{''8CE}2G'''3xG''4.A4A{8B'''C}''4G{8CD}4ED2D4C
455017370_0,4.''E8A{6xGxF}4E8A/{6xGxF}4E8A{FE}qE4D/{6C'A''CE}{A'A''CE}{8FE}qE4D/,''4.E{8A6xGxF}4E{'''3A6xG''xF}4E{8AxF}4E{8D6C'A''C6.E'A''6CE8FE}4D
458001243_3,"2-2'E/4E,B'ExF/{8GA}4xFE8-8E/4xGABA/","'2.E,4B'EF{8GA}4xF2E3xG2A4B4.A"
455003635_0,!8''CD4.E8DC'B/{AB}2''C4xC/!8D'A4.''D8C'BA/2.A4-/f,{''8CD}4.E{8DC'BAB''D'A}''4.D{8C'B}2.A
1001039370_0,6{BGB''E}{DC'BA}{GEG''C}{'BAGF}/{EDEnE}{FxF''CD}{C'nB''DE}{FD'BA}/,{'6BGB''EDC'BA3.G6EG''C'BAG3.F3E6D8E6.F3xF''6CDC'B''DEFD'B8.A}
280000774_1,=20/4.''E8C4.'G8E/q8G8.{F6E}{8.F6A}4GE/C8{EG}4.''C8C/4FE4.D8xD/,''4.E8C'4.G{8E6.GF3E8.F6.A}4GEC{8EG}''2C4FE2.D
1001242578_0,"8-{DDE}/{FDDE}{FD,BA}/xG-","'4D{8E6.F}4D{8E6.F8D,B3AB6.A}4xG"
110003540_0,q6''F{8.E6D8EF}/4G8E-q6F{8.E6D8EF}/4G8E-2-/,{''6.FE6D8EF}4GE{6.FE6D8EF}4GE
270001398_3,2-{8''CbEGG}/4G-{8'nB''DGG}/1G/,{''8CxD}2G{3C'8B''D}2.G
854003913_0,''2C{8CC}{C'B}/!{''CC}{C'B}!f/''2C4DD/,''1C'8B''4C{'8B''3C'8B}''2CD
1001224054_0,2'A/AF/GA/FE/(D),'1A2FGAFED
800247208_0,=/8-{6.3'B''C}{8DE}{6.3'xFA8B}{''CD}/{'E6.3GA},{'6.B''3C8DE'6.xF3A8B''CD'E6.G8.A}
240004212_0,4''Cqq3DC'Br{8.''C6E}/{8AGFE}{ED8.G6F}/4E,{''8.C3DC'B''8C6.EA8GFED8.G6F}4.E
850002459_0,''4D'G8-{''6EF}{8GG}/4G'''C8-{''6EF}{8GG}/4G'''C8-{''6EF}{8GG}/4GD+{8DE},''4D'3G4.G{''6.E6F}2G'''4C{''6EF8G}4.G'''4C{''6.E6F}4GG4.D4E
303000106_0,",4G/'CEG''C/2C4'BD/GB''D'F/2F4E-/",'4GCEG''2.C'4BDGB''D'2.F4.E
550265722_2,1-/2-4'EE/2FG/1(C)/2.E4E/4.G8F2G/,'2EFG2.C4.E2E4.G8F2G
840014961_0, /-23/2-(4D)8DD/'BB-GGGGA/BB-6BC4D8DE/4C-2-,'2D8B4B2G{8AB}4.B6C4.D8E4.C
00000400253482_0,"'2Cqq6DC,B'Cr4.A8A/,2B4-'6GFED/8C-C-D-E-/4.F8GE-","'6.C''4.C{'3DCDC}2A,B{'6.G6FED}2C4DE4.F{8G8.E}"
570004087_0,''2.G{8FE}/{DC}2.C/F4F/xDE2-/=4/4.G8xG{AnGFE}/,''4.G{8FED}2.C2F4F2E{8AGF}4E
211020257_0,8'G''ED/{DC}4C{8DC}({'B''C'A})/{AG}4G8-GB''D/{8.F3GF8E}D{6C'B''DC}{C'BAG}/q4G2''C,{'8G''E}4D4.C{8DC'3.B''6.C'8.A}2G{8B''D8.F3G3.F8ED6C'3.B''6D8C'3.B6AG}4G''4.C
201004538_0,{8''D'B''C'A}{BGAxF}/{6GxFGA}{BAB''C}{8DE'AB}/,{''8D'B''6.C'8ABGA6GABAB''3C8DE'A}4B
201007205_4,4.''A{6ExC}{8.6'A''GFE}/{DF}4A2-/4.B{6GE}{8ED'BxG}/{8.6A''C}4E--/,'''3A''4A{6ExC'8.A''6G8.F6E8.D6.F}4A4.B{6G8.E8D'B3xG}4A''6C4.E
220039315_0,4-A/AAGA/FE(D)A/''CD'AB/''2C4'(A),'2A4AGAFEDA''CD'AB''2C'4.A
553005412_0,4.'E8E4F-/4.E8E4F-/4.E8E4.xG8G/,'2E4.F2E4.F2E4.A4xG
551002419_2,4.844''CCFF/6{FE}{DC}'{nBA}GF,''2C4F4.F{6EDC'BAG8.F}
350000247_0,4{8.''E6D}{C''D}{8.E6'G}{8.G6G}/{8.A6B}{8.''C6D}4.C8-/{8.'E6F}{8.G6G}{8.A6G}{8.A6''C}/{8.''D6C}{8.D6E}4.D8-/,{''8.E6DCD8.E'6G}4G{8.A6B''8C6D}2C{'8.E6F}4G{8.A6G8.A''6C8.D6C8.D6E}2D
1001205646_0,'8G''CD/4.E8CCCFE/4ED8-FED/4DC8CCDE/2D8-,{'8G''CD3E}4.E8C4C8F4E4.D{8FE}4.D2C{8DE}2D
212007542_0,{6''ECGE}4Ct{6'BG''D'B}4Bt/{6''ECGE}{CEDC}{'BG''D'B}4Bt/,{''6ECGE}4C{'6B3.G''6D'B}4B{''6ECGECEDC'3B6G''D}'4.B
452512286_0,''1E+/2.E4E/D-2-/=/1F+/2.F4F/E-2E+/4E8DC4EF/,''2E4E4.D2F4F2E{8DC}4E4.F
1001066053_3,2''C'B/4-''C'BA/2G4GG/AB''C8'BB/2A4B8BB/,''2C'B''3C'4BA1G4AB''3C'4BA2B
220034370_0,4..''E6C4..C6E/4..G6'B4.B8G/{6''GGFF}{EEDD}{CCCC}{'BBBB}/,''4.E2C6E4.G'B4G{''8F6E8D}4C{'8.B}
160000385_0,'4G/''4.C'8B''{DCFE}/qE4DC-'G/''4.E8D{FEAG}/qG4FE-,'4G''4.C{'8B''DCFED}4.C'3A4G''4.E{8DFE6.A}4G8F4.E
200042751_0,8-{bEbA''C}{6C'bB''bDC}{bEbDFD}/q8D1C+/2C,{'8xDxG''8.C'6xA''8xD6F}2DC
454017580_0,2'G{8FEAG}/{GF}4.F{8FGA}/,'2G{8F6.E8A}4G2.F8G4A
600263620_0,'8.G6G/''4CC8{ED}{C'B}/{B''D}4C-,'4G''CC{8EDC'B''D}4.C
000137963_0,'6G/{''8.Ct6D8.E6G}4G+{8.G'''6C}/!q8C{''8.B'''6C}!f8D''4G,{'6G''8.C6D8.E}2G{'''8.C''6.B'''C''B'''6C8D}''4.G
250003191_0,'86688{CCD}{EE}{GEG}''{CC}/'8A-''{FF}4.Ft{6ED}/8E-,{'8.C6D}4E{8G6EG}''4C'A''2.F{6ED}4E
00000400101327_0,=1/8-''8C'bBGFbEFbA/''bEDC4G8F'bB''C/FED'B2A/,{''8C'xAGF3E8xDFxG''3xD}4D{8C3G}4G{8F'xA''CFED'B}2A
550282665_1,2-4''CD/E8DDEEDD/C6'GG8.''C6C4'B8B,''4CDEDED{8C'G}''4C'2B
301006302_0,'8G/''{C'G''C'G}/''2(C)//,{'8G''C'G''C'G}''2C
110001217_0,''1C2CC1CEE2-'B''2.C4C2C'B''1.C2C1C'2B2.A4B''1C'2B''1C2-,''2CC1C2EE'B''C'B''1C'2BA4B''2C'B''C
454000178_0,8-/=5/2-4-8-''D/2G4.A{6B'''C}/{8''B'''DDD},''8D4.G3A4A{6.B'''6C''8B}'''4D{8.D}
702005523_0,"{(6,GAB)}/2.'C8-{(6,GAB)}/2'C4-{8.''E6C}/4'G{8.''C'6G}4E{8.G6E}/","{'6G,3AB}'2C{6.G,3AB'6.C}''2C{8.E6C}'4G{''8.C'6G}4E{8.GE}"
850789461_0,{6.''G3G}/{8.'''C3''BA},{''8G'''8.C''6B6.A}
850779802_0,6-{''CEG}{'''C''CB'B}{''A'A''G'G}{''F'F''E'E}/6-{''FEF}{EFGA}{8G6FE}{8F6ED}/,{''6CEG8C'B6.A8GF8.E''6FEFEFG3.A8G6FE8F6E8.D}
650014344_0,2''E4.C8xC/4DD'G-/4.''D8xC{DEFxF}/2G4E-/,''2ECD'4G''2.D8E4F4.E
452007841_0,{'8.C3DE}{6FGAB}{''8.C3DE}{6FGAB}/{'''6C''EG'''C}{EC''GE}{'''C''GEC}{GEC'G}/,{'8.C3xCDE6FGAB''8C3DE3.F6G3.A6B'''C''EG'''CEC''GE'''C''GECGEC'3G8.G}
270002260_0,{8'EGFG}{EGFG}/i/,{'8EGFGEGFGEGFGEGF}4G
455009023_0,"8,G/!4..6'EEED/4DC-8-E/4..6GDGD/!4EC-8-,G/f",'8G1E4.D8C''4C'8E4.G6.D4.G6D4E8C''4C'G
850783009_0,''4C4-4C8.-6C/4CDE4-/2ED/8C8-8C8-4C4-/,''1C4D4.E2ED4C2C
451023085_0,6-{'CEG}{CEG''C}{'EG''CE}{'G''CEG}/8C,{'6CEGCEG''C'EG''CE'3.G''6CEG}4C
451514501_0,=2/4-'EEE/4.E8E{DE}{FG}/2E,'1E{8DEFG}2E
451016902_0,6''G/{8G6-G8G6-G}{8G6-'G8G6-G}/4G,'2.G2G
702002889_0,2''E4GF/2C'B/''C4ED/2'AxG/A,''2E4GF2C'B''C4ED'1A
302003221_0,4.'F4GAbB''CDC4.'B2.B,'4.F4G2A''4CDC'1xA
1001014761_0,{6''C'G''EC}{8.G3xFG}6{AxCDF}{G'B''nCE}/{FDEC}4D6-{G8G}{6'A''F8F}/,{''6C'3.G''6EC}4G{3A8DG'6B''3C6EFDEC}4D{8.G'6A}''4F
1001104959_2,=1/4-''C'B''C'/A4.8''D'G4''C/'B''E4.8ED/2E-/,''4C'B''C'A''4.D'8G''4C'B''2E8D2E
280000166_0,4.'G8G{GGGG}/4G-2-/4.G8G{GGGG}/4G-2-/,'4.G1G
1001148860_0,=/2-4-G/=/2-4-G/6''{EEEE}{EFGA}{BAGA}{GF8E}/=/,'2G''4.E{6FG3.A6.B3.A6.G3.A6GF}4E
454006526_0,4'EF/4.G8G2G/4AB4.''C8C/2'B4''CD/,'4EF1G4AB''8C'2B''4C4.D
00000402010204_0,''2G4F8{ED}/4C'G-''E/2F+8{FA'''C''A}/2xF4G-/,''4.G4F{8ED}4C'4.G''4E2F{8A'''C''A}2.G
280002257_0,4''C8.{'G6G}4''CE/8.{G6A8.G6F}4E-/,''4C'G''CE{8.G6A8.G6F}4.E
000119310_4,{'6CGxFG}{AGFG}{EAxGA}{BAGA}/{GBxAB}{''C'BAB}{G''C'B''C}{DC'B''C}/,{'6C8.G6A3.xF6GE8.A3B8A3.G8B''3C'8B6G''C'B''3C6DC'3.B''8.C}
453006146_0,8'G/4.8''C'B''CD/'BAGA/B''C8.6DCDE/,'8G''4.C'8B''4.C{8D'3B}4.B8A4.G8A4.B{''8C8.D6.C8.DE}
551002355_1,=22/2-8-'8//GGG/''4.E{6DC}{8'BA}{''F'B}/''4D8C-'8G''C'B4./A{6B''xC}8{DE}{FD}/,'4.G''E{6DC'6.B8A''F'B}''4DC{'8G''C'B}4.A{6B''8.D8EF8.D}
453000508_1,{8''E6FE}{DCDE}{CGAG}{FEFG}/8{EE}{G6GF}{8EG}4C/,{''8E6FEDCDECG3.A6GFEF8GE6F8EG}4.C
450000462_1,=17/8-'EAA4A''xC/'AA8-''xC'BA/,'8E4AA''xC'A4.A{''8xC'B}4A
452027237_0,'4G/GGAG/2F4(E)G/''C'B''8{CD}4E/D8{DC}'4BA/(G),'4G2G4AG2F4EG''C'B{''8CD}4E4.D8C'4BA4.G
302003567_0,4.'bB4B''DC'B4.A4A2.G,'4.xA4xA''DC'2.A4A2G
220036309_0,"6-{'C,B'C}{ECGE}{''C'G''EC}{EGDC}/-{'C,B'C}{FCAF}{''C'A''FC}{AFEF}/-{'DxCD}{FDGF}{BG''D'B}","{'6C,B'CECGE''C'G''ECEGD'8.C,6B'CFCAF''C'3.A''6F6.C3A6FE8F'6.D6FDG3.F6B3.G''6D'8.B}"
1001016137_0,4'G/''CCDE/2'A4G''C/4.F8G{FEDC}/,'4G''CCDE'2A4G''C4.F{8GFED}4C
450104833_0,A8-''C{'B''CDE}/{C'A}''4F'G''E/,'4.A{''8C'B''CDEC'A}''4F'G''4.E
852017042_0,qq8'E''Cr2G68.{FE}{DC}/{8FD}2C4'B/''4Cq8D{6C'B''CD}4E8-'G/,{'3E''C}4.G{6F8.E6D8.C8FD}2C'4B''C{3DC'B''C6D}4.E'4G
806456698_1,''8C/4GF{8E6FE}{8DC}/{'BG}''4C+{8C'B''CD}/{EFGA}8qG2Ft/8E,''8C4GF{8E6FE8DC'BG}''4.C{'3B''8CDEFGA}4GFE
852032091_0,'''{8E6EE}{8EE}{''B'''xC}4D/{8E6EE}{8EE}{xCD}4E/{8E6EE},'''8E4.E''8B'''4.D2E4D2.E
650003260_0,4''C'CEG/''C6{EDEF}{8GGGG}/6{FEDE}{FEDE}{FEDE}{'BAGF}/4ECEG/,'2C4EG''C{6EDEF}2G{6FEDEFEDEFEDE'BAG3.F8.E}4CE4.G
1001058910_0,4-/=2/4-4-4-8DD/4BGA8B''C/D4F8E'4.A8xA/BBnAG''DDC'B/2.''E,'4DBGA{8B''CD}4F8E'4B{8AG}''4D{8C'B}''2E
840020155_0,"/-15/4-,4.G8G'CYE/8.D6D8.D6D,4G8GG/8.YE6C4C",",2G{'8CE}2DG{8.E,3.C,,3B},4.C"
1001092441_0,{8FB}/2''D4CC/4.C{6DC}'8B{FB''D}/2F+{8FDEC}/{8'B6AB}{AB''C'B}8A,{'8FB}''2D4CC4.C{6DC'8BFB''D}2F{8DEC'B6AB3.A6B''C'B}4A
450020477_0,'2G''4CE/ED'2A/4G{8.B6A}4G{''8.6DC}/4'B''F,'2G''4CEED'2A4G{8.B6.A3G}4G{''8.D6C}'4B''4.F
452522546_0,'2C8-{6B''CDC'B''C}/'2D8-{6B''C}{DC'B''C}/'2E,'6.C''2C{'6B''3C6D3.C'6B''3.C'6.D}4.D{6B''3C6DC'B''3.C}'2E
800000920_0,''4G'G8{B''CD'B}/2''G4D8{EF}/4G'G8{B''CD'B}/,''4G'G{8B''CD'B}''4.G4D{8EF}4G'G{8B''CD}'4B
1001180651_0,"8,A{''Eq6D8Cq6'B8A}{6.3''DtxC6DE}{q3Dq3E}{8F6ED}/{8C'A''AA}{AxGGG}/{ACCC}2'Bt/{6A,xGAG}{8A'''C}{6''B'xDED}{8E''bB}/{6A'xCDC}{8D''A}{866xGBG}{A'''C''A}/{ABxG}4Gt6A","{,8A''E6DC'B3.A''8.D6E3DE3.F6ED8C'A}''4.A{8xGA}4.C'2B{,3xG6A'3xG'''C,3.xG8A'''C''6B'xD8E''xA3A}'4D{''8AxG6.B6xG6.A'''C''8.A6.B}2A"
210097114_0,"8{('CDE)}{(,GAB)}4'C-/''GAG-/8{('CDE)}{(,GAB)}4'C-/","{'6.CDEG,6A6.B}'4.C''4G'''3A''4A4.G{,6.C'DEG,3A'G,6A6.B}'4.C"
250013565_2,=25//$bB =11/4'A8.6FA4''C-/8.6'AFA4''C-/E-F8-A/4.8AG4GG/G--8-xF/2.xF4F/2GG/4E-2-/,'4A{8.F6A}''4.C{'8.A6F8.A}''4.CEF8A4A8G4GG2.G4.E
654000067_0,=2/2'C4DE/2G4FE/2.D8{FE}/1C+/4C-,'6.C''4.C'4DE2G4FE2D{8F6.E}1C
240007353_0,4.8''CCDD/4E'C-G/2''C{8FEDC}/,''2CD4E'6.C''4C'G''2C{8FED}4C
650002652_0,4'A-A-/6-{A''C'A}{''EC'BA}{''EC'BA}{''EC'BA}/4B-B-/,'4.AA{''6C'3.A''6EC'BA''EC'BA''EC'BA}2.B
550282139_0,4.''C8'C4EG/''CDE-/2F4E8{DC}/2E4D-/,'2C4EG''CD4.E2F4E{8DC}2E4.D
900009532_0,4'G/2''C4.C8C/2E4EE/4.G8F4D-,'4G''2CCEE4.G8F4.D
450002575_0,'8C4CEG''8C/4CEC-/'8C4CEG''8C/,'4.C4EG''8C4CE'2.C4EG''C
1001029778_0,4.'G8G4GG/2.A4B/4.''C8C4DD/,'4.G2.G2A4B''8C2D
853000369_0,"{6''C'ECE}!{CECE}!ff/{,B'xG''D'G}!{''D'G''D'G}!ff/","{''6C'3.E6CECECECECECECE,B'xG''D'3.xG''6D'3.xG''6D'xG''D'xG''D'3.xG''6D'3.xG''6D'8.xG}"
600243417_0,1'''E/2EE/2.E4-/,'''4EE2E
550255539_0,{''6GxFGA}/4G--{6FEFG}/4F--{8D'B}/''4.C8xC{DEFD}/,{''8.G3.A}4.G{6FEFG}4.F{3D'8B''3xC8DEF}4D
1001112392_0,''4.E8F{AGFE}/{EFxCD}4D-/''4.F8G{BAGF}/{FGxDE},''4.E{8F6.A8GFEF}4D4.DF{8GB6.A8G}4F8G4.E
650006238_1,=/4'AE''C'A/xGABB/BE''D'B/,'4AE''C'2A4ABBBE''D'4.B
1001204513_0,1-//:2-4-'G/GG4.8G''C/2C'4BA/GxG4.8AF/2E4-,'4G2.G''C'4BA2G4.A8F2E
650007099_0,9'F/1G2A''C+/4C'B1A2xG/9(A)//,'2FGA''C'4B1A
1001008333_0,2A4AA/GAAA/2''C'B/A,'2A4AAGAAA''2C'BA
840015149_0, 3-''CDEFGAB/'''4C8.-'6E8E(8-)3-AB''CDExFxG/4A8.-'6F8F(8-)''8.B6E,{''3CDEF3.G3AB}'''4C'4.E{3AB''CDE6xF3xG}4A'6.F4F{''8.B8E}
410006614_0,8.-''3{xDE}4A+3{AGxFGAB'''C''B}{AGFGFEDC}/'''4C+3{C''BxAB'''CDC''B}{xAB'''C''BnAGFE}{8.F3GE}/4F,''6.E4A{8G3A3.B'''3C''3.B3A6G3xF6E3.C'''8.C''8B'''3CDC''6.B'''3C''3.B3AG3.F3E8.F3GE}4.F
1001279476_0,2''bE+{8EC'B''C}/''4.D8bE+{ED}4-/2bD+{8D'bBbAB}/''4.C8bD+{DC}4-/,''2xD{8C'B''C'xA6.xG8xA}''2.C
00000402008784_0,2''E+8{EFD'B}/2''G8{AGFE}/4.D8E4F'B/''C'G''C'B/2A8G,''2E{8FD'B}''4.G{8AGFE}4.D8E4F'B''C'3G4G''C'B2A4G
1001252535_0,"'4.C8E{GEGE}/F-D-,B-4-/","'6.C''4C{'8EGEGE}4F8.D,4B"
550282706_3,4.'E8E4E8EE/4A8FD{GE}{xCE}/4FF2E/D8{GD}4D/DC,'1E4A{8FDGExCE}4FF2ED8G2.D4.C
453006844_0,'4A4.''A{8xFED}/4xCqq6BAxGr4.A{8DC'B}/{6A''xCExG}{AEC'A},'4A'''3A''4A{8xFE}4.D{3.B'''3A}''4AD{'8B6A''xC6.E3xG6AExC'8.A}
650011154_1,{8''C6CC}{8C6CC}4C-/2-{8F6FF}{8F6FF}/4F-,''2.CF
303005149_1,6'{C6''CCC}{CCCC}{CCCCCCCC}/6''{C6'C6''CC}{CCCC}{CCCCCCCC}/6''{C6'C6''CC}{CCCC}{CCCCCCCC}/,'8C''4C'2.C''4C'1C
850028001_0,''4.C8E'{8.G''6C'8.E6A}/{8GFFF}4F-/4.B''8D'{8.F6A8.D6G}/,''4.C{8E'8.G''6C'8.E6.AG}2.F4.B{''8D'8.F6A8.DG}
451024652_0,''2G{8xFGAG}/{GBB'''D}4D-/''2F{8EFGF}/,''2.G8A4GB'''4.D''2F{8EFG}4F
850779404_0,"'2C+{8C,6B'C}{6DCFE}/4D4-2-/2D+{8D6xCD}","'6.C''2C{,6B'CDCF3.E8D}1D"
600171759_0,4-''2F4F/2F4-G/,''2F4F2F4.G
1001064614_0,''4C/4.C'8B{8BAB''D}/'4B2A4B/''4.C'8B{8BAB''D}/2.'B4B/@3/4 {8AG}''4CE/2D,''2C{'8BAB''D}'4B2A4B''4.C'4B{8AB''D}'2.B4B{8AG}''4CE2D
850012993_0,8-6-{''Gq8F6.E3F}q8E{6.Dt3E}q8D{6Ct'3B''C}qq'6B''CDr4C+{3C'G''CD}/{8E+3ECE  F}{6GE'''C''q8B6A},{''6G3.FE3F3.ED3EDC'B}''4C{'3G''CD8E3CEF6GE'''C''3.B6.A}
550264873_0,488''E-GE-G/{8.E6F}4DC8-D/4E8-D4E8-,''4.E8G4.E{8G8.E6F}4D4.C8D4.E8D4.E
850037326_0,1-1.''D2DDD1.E2D,''2DD1D2ED
840018016_0,"'''2C4-8.-'6C/2.C8.-,6(3GAB)/'4CEG''C/'8.tB6A4G-","'''4C'6C''2C{'3.G,3B}'4CEG''C{'8.B6.A}4.G"
850779038_0,"4.'C{6DC}4,B4-/4.'D{6ED}4C4-/4.E{6FE}{8DEFG}/4A-2-/","'6.C''4C{'6DC},4.B'8D4D{6ED6.C}''4C'4.E{6F3E8DE6.F8G}4.A"
1001057062_0,4''CG4.E8F/{8GFED}{EC}{FE}/{DC}{FE}{DCD'B}/1''C://:,''4CG4.E{8FGFEDECFEDCFEDCD'B}''2C
840011792_0, '6GG8G6GC8C'GG6FG/8EE6G3GG6G'C'8BB,'4.G8.C4G{6FG}4E{8.G6C}4.B
704002632_0,{8''CDED}{C'B''C'B}/{''CDED}{C'BAG}/,{''8CDEDC'B''3C'8B''6.C8DEDC'BA}4G
450057536_0,4''C8-3{C'B''CD}8.{E6'B}8.''{C6'xG}/4A''A-6{FEFD}/,''4.C{'3B''CD8.E'6B''8.C}'4A'''3A''4A{6F3E6F8.D}
840012884_0,"/-14/2-4-4,G/4.'C8D4EE/8EF4D4-4C/C2A4G/FE",'4G4.C8D2.E{8FD}4D2CA4GF4.E
840021615_0,4C'8G4.E8C/4G'G8-GGG/2G8GXGAE,'4C8G4.E8C1G4G8A4E
302003595_0,4.''CCCDC4C+6CD4.E1F,''4.CCCDCC6D4.E2F
453003469_0,{8''EE}/4E--{8EE}/4G-8-{6GG8GG}/-{6GG8GG}-{6FF8ED}/4E{8EA}{xFD}4G+/GxF,''4E2E4.G4GGGG{8FED}4.E{6.A8xFD}2.G
00000990028838_6,B/4.8''E'B''B({6AGF})/8G-'E-G-B-/xA-''G-'E-xA-/xD-B-2-/,'4B''4.E'2B{''3.AGF}4G'E8.G2B''4G'E8.B4xD''3C'4B
840020233_0,bBmajeur4/4)4-2C'4F/2A8FGAB/4C'8.F6F4.B8A/1A,'4.xA8C''4.C'4F2A{8FGAB}4CF4.B2.A
570001931_2,=15/4-''4G2G/2B'''4C''G/2xFG/4-GAF/1xG/A//,''2.G4.B'''4C''2.GG3A4AF3xG2.A
451027171_0,"''4..C6C{8.6EEGG}/'''2C4-{(6C''GE)3C'GEC}/,8A-''A-,B-''G-/","''2C4EG'''3C4C{''3.GE3C'GE6C,8.A''3A8.A},4B{''8.G}"
453502873_0,2C4EG/4.''C8C2C/2.D4D/C-,'6.C''4.C'4EG''1C2.D4.C
452515058_0,"'4E2E4E/{8E,GG'C}{CEEG}/4G2G4G/{''8C'EEG}{G''CCE}/4F",'2.E4.E{8G''3D'6.G}4CE4.G2.G{''8C'3E}4EG''C8E4.F
570002948_1,=14/'4EEE-/4.G8GGGGG/4EEE,'2.E2GG2.E
00000407000976_0,'2G4xFG/2A4GG/''CCD'G/''2.E,'2.G4G2AG''C4D'G''2E
300257680_0,''4C-E-/G6-{'GAB}{''CDEF}{GAB'''C}/{''BBBB}{BBBB},''4.CE'G{3.A6B''CDEFG3.A6B'''C''8B}
240000013_0,{8'A6AB}{''8C6DE}4.F8F/{6EDC'B}{''CDExF}4.G8G/{6FEDxC}{DExFxG}4.A8A/{6xGAxFG},{'8.A6B''8C6DE8F6EDC'3.B''6CDEG}2G{6FE8.D6E6.xF3.xG}4A{'''6xG''A6.xF8xG}
800272749_0,4B8.6B''C2.D'4B''E{8DC}/'2.B4B/4.B''xC4.D8E,'4.B{''6C3D}2D'4B''4.E2D4E
240003472_2,8'G/4''CCCC/{6CEDF}{EGFA},'8G''4CCC4.C{6EDFEG6.F8A}
300511839_1,4''AxG{8AA}{B6AG}/4AxG{8A'A}{''GA}/4GD{8EC'B''E}/,''4A'''3xG''2A{8B6AxG8A'A''6.xG8A}4GD{8EC'B}''4E
250004034_0,'4G/''C{8.6CC}8{EEGG}/'''4C{8.6CC}4C,'4G''2C4EG'''2.C
453002599_0,{86688'CEG}{''CC}{CEG}'''C-/{8.'Gt3FG}{8AB}q8B2''C/,{'8C6E3.G}''4.C{6EG'''8.C'G3.F3G6.A8B}''4.C
500052353_0,{''8.E6F}{8EF}{8.G6F}4E/i/,{''8.E6F8EF8.G6F8.E6F8EF8.G6F}4.E
850656439_0,'''1C/8C{CED}{CDEC}/''1A/8A{A'''C''B}{AB'''C''A}/,'''2C{8EDCDEC}''2A{'''8C''BAB'''C3A''8.A}
225001712_0,2'GE/AB/''CC/1('B)/,'2G3F2EAB''1C'2.B
300511033_0,"{8,AB'CD}{EDC,A}/{'BAxGE}4A4-/{8CDEF}{GFEC}/","{,8AB'CDEDC,6.A'8B}4A{8E3A}4.A{8CDEFGFE6.C''8C}"
451027181_0,'8G/''4C{8.6CC}4C8'GG/''4E,'8G''4C2C'4G''4.E
230003541_1,2''C4'C-/-8-''C4'A''D/'BG2-/,'2C''4.C'4A''D'B4.G
301003175_0,{8.''C6D}/4E{8.E6E}{8.E6F8.D6E}/2C4'G{8.''C6C}/,{''8.C6D}2.E{6F8.D6E}2C'4G{''8.CC}
240011191_0,2-8-'GAB/4.8''C'G8.33{GAG}8FE/{DC}4C8-,{'8GAB}''4.C'G{3.A3G8F6.E8D}2C
550401792_0,8GG/{G''C}4C{8C'B}A{GF}E/{E6GF}4F-,'4.G''2C{'8BAGF}4E6G4.F
850779556_0,=1/8-6-''nB4B2-/{6''nCEDnF}{6EGFA}{8G6'''C''A}{8G6'''C''A}/4G-'''C-/,''6B4B{6CEDFEG6.F3A8G'''6C''3.A8G'''6C''A}4.G'''4C
250008447_0,4'G/{8G''E}{DC}{DC}{'BA}/4.8GF4EG/A{8''ED}{D'A}{B''C}/4C'B-,'4.G{''8EDCDC'BA}4.G8F4EGA''8E4D{'8AB''3C}'4.B
390000028_0,'8E/6{AB''C'B}8{A''EDC'BA}/6{B''CDC}8{'B''FEDC'B}/6{AB''C'B}8{A''EDC'BA}/6{B''CDC}8{'B''DC'BAxG}/2A,{'8E6AB''C'B8A''EDC'BA6B''3C6D3.C'8B''FEDC'B6AB''C'B8A''EDC'BA6B''3C6D3.C'8B''DC'3B}2.A
1001225340_0,'4E8-{3EEEE}{8E3EEEE}{8E3EEEE}/4E-8.-{''6E8.G'''6C}/4D8-{3'GGGG}{8G3GGGG}{8G3GGGG}/4G-,'1E{''8.G'''6C}4D'1G
451001515_1,9-1-'G2AB''C'A1G''F4-FEC,'2GAB''C'AG''F4FE4.C
850694762_0,6'''C/4C8.-6C4C8.-6E/2E4-8.-6xC/4C8.-6D4D8.-6''B/,'''6C2C6E4E4.C{6D8.D''B}
840016845_0,-19/''8.C'6G4G4-8BG/4AF4-''8C'F/4GE4-''8CE/8.F6E8.D6C'8.B6A8.G6F/8.E6D4C,{''8.C'6G}4.G{8BG}4A4.F{''8C'F}4G4.E{''8CE8.F6E8.D6C'8.B6.A8.G6F8E6D}4.C
000141244_0,'8C/{EG8.G6A}{''C'B''CD}4C/{'8.At6G8A''C}{6DCDE}{8.D'6D}/{8EG8.G6A}{''8.C6D}qqCDr{8.E6D},{'8CE}4G{6A''C'B''3C6D3C}4C{'8.A6G6.A''8C6DCDE}'4D8E4G{6A''8.C3DCD8.ED}
651005617_1,=3/2-4(-)'E/@c/ 2AB/''C'E/FD/(E),'4E2AB''C'EFDE
705000757_0,4'E/AAAA/''C'A-A/''C+8C'A4BxG/A,'4EAA2A''4C'3A4.A4A''4.C'8A4B2A
212006953_0,{8.33A''ED}{8CC}qC2'B/8.33{''DFE}{8DD}4DtC/8-E-EA4xD8A+/A4xD8D,{'8.A''3ED8C}4.C'4B{''8.D3.F3E}4DD4.CE6.A4xD'''3A''4A2xD
280001464_0,4.'G8F4ED/CDEF/4.G8A4GF/2E-/,'4.G8F4EDCDEF4.G8A4GF2E
1001043829_3,''G/'''2C''G/4EC-'{8EF}/4G8{GA}4G,''4G'''3C4C''4.G4E4.C{'8EF}4.G8A4.G
301002256_1,4''C'GGG/2.G4G/1''G+/2.G{8EC}/2C{8C'B''DC}/4'B{8''DF}2A/1A/,''4C'2G4G2.G''4.G8E2.C{'8B''DC}'4B{''8DF}2A
000103851_0,''4.E{6FE}4E+{6EDC'B}/{8AAAA}{A''xGAE}/{C'6.B''3F}{8F6.E3D}gD{6C'3BA8A}4-/,''4.E6F4E{6DC'B8A}2.A{''6.A8EC'6.B''8.F6.E3D6C'3B}4A
00000409002604_0,"4-'F{6GbA8B}xC-/4-,6{GG'nC}8E-",'4F{6.G3xG8B}4xC{6G''3D'G6C}4E
550503200_0,''2bE+{8EEEE}/2nE+{8EEEE}/2F+{8FEEE}/{EDxCD}{EFGxG}/4.8BA{8nGFED}/,''2.xD1E2F4E{8DEF}4G4.B{8AGFE}4D
00000990015491_0,{6''C'E''C'E}{''C'E''E'E}{''C'E''C'E}{''C'E''C'E}/{''ECEC}{ECEC}{ECEC}{ECEC},{''6C'E''C'3.E''6C'8.E''6C'3.E''6C'E''C'E''C'8E''6CECECECECECECE8.C}
000130068_0,8-'G''4.C{6DC}{'8B''6CD}/{8EC}4-2-/-8-'G''4C+/{8C6DC}{'8B''6CD}{8EC}6-{CDE}/{8FD}6-,'8G''4.C{6DC'8B''3C6D8E}4C'8G''4.C{6DC'3B''6CD8E8.C'3B''6CDE8F}4D
270001085_0,6'C/2C4(-)8.-6'C/2C4(-)8.-6C/2C(-)/8-{6EF}{GFED}2C/8-6{FG}{AGFE}2D/,"'2C{,3B'6C}1C{6EFG3.F3E6D6.C}''4.C{'6.F6GAG3.F6E}2D"
800259625_0,8-'G''CC4E'E/FGC{8.6''EC}/,'8G''4C'2E4FGC{''8.EC}
452514132_0,8-{'GxDE}''4.C'8B/2A+{8AB''CD}/'2G+{8GAGF}/{EDEF}{G''C'xFG}/''4E,{'8G6.xD8E}''4.C'8B2A{8B''CD}'2G{8AGFEDEFG''C'3xF}4G''4.E
850027973_0,"2'C{8C,3B'C}/4,Bq4B{8A3AA}4Aq8B{8A3GA}/1G/8A4.A8B4.B/","'6.C2C{,3B'C,B}4B4.A{6.B3.A'6G3A''D},1G8.A4.A2B"
1001238286_1,{''8C'CDE}{''CDEF}/{6GECE}{FD'B''D}{8CC}8C-,'4C{8DE''CDEF6GECEFD'B''D}2C
1001206728_0,2-4A{8.B6A}/4''D-4'G{8.A6G}/4''C,'4A{8.B6A}''4.D'4G{8.A6G}''4.C
1001165180_0,=1/8xFxGAB4-''8C'B/8.A6''C4E-8DC/4.'B8A4xGxF/,'8xF4AB{''8C'B8.A''6C3E}4.E{8DC}'4.B8A4.xF
1001207568_0,4.'A8A4.''C8'B/4.A8A4E-/4.8AB''C'A/2B4E-/,'2A''4.C'8B2A4.EA8B''4.C'8A2B4.E
850032934_0,'6{CDEF}{GABG}''4C-/6-{'''C''BA}{GFED}4C-/6{EDEC}{EGEC}{'BGBG}{''DGD'B}/,{'6CDEFG3.A6BG}''4.C{6.B3A6GFED3C}4.C{6EDECEGEC'BGBG''DGD'8.B}
1001070694_1,4'''C{6''CDEF}{GE8C}{6AF8C}/{6GE8C}{6CDEF}{GE8C}{6AF8C}/{6GE8C}8-'''C{6''DC'BA}{8G''F}/,''4.C{6DE3.F6GE8C3A6F8C6GE8.C6DEFGE8C3A6F8C6GE}4.C{6DC'3.B6A8G''8.F}
1001119591_0,"{6''CB'''C''G}{EC'GE}{CGEC}{,B'GD,B/{'CGEC}{,B'GD,B}'{CGEC}{xCAEC}/","{''6CB'''C''GEC'GECGEC,B'GD,3.B'6CGEC,B'G3D,B'6CGE''3.xC'6AE6.xC''xC}"
300043270_0,'{8E''C'B}/4A-8-{8xGAG}/4A-8-{AAA}/{A''A}4.A{8nGFE}/,'8E''4.C'8B2.A''8A4A{8GF}4E
454014380_0,8-{'GAG}2xF/8-{''EFE}2D/4C,{'8GA}2G{''8EFE}2D4.C
00000403009024_0,''2.E8EE/4EE2F+/4F,''2.E4EE2F
451009163_0,1''C/2.4EF/2EC/DE/,''2CE4F2ECDE
570002259_2,2-/''EF/'B4''C-/1-/4GG2-/2E8{GF'A''D}/2'B4''C-/1-/4GG2-/'6{GGGG}{GGGG}''{CCCC}{CCCC}/,''2EF'B''4.C4G4.G2E{8GF'A''D}'2B''4.C4G'2.G''6C2C
806917074_0,1'C+/2CC/C4EE/2.D4D/,'6.C1C2C''4.C'2E1D
250014322_0,{8''GF}/4ED2G+/G{8GFEF}/,{''8GF}4ED2G{8FE}4F
1001118787_0,1E2F1E2D/1G2G1G2A1''C2C//2'GG/2A4AB/,'2EF4.E''4E'2DGGGA''CC'GGA4A4.B
300043275_0,''2ED/2.F4E/DC{'8.B''6Ct}8qD4C6qq'B''Cr/4D'G8-{''DEF}/2GC/,''2EDF4EDC{'3B''6C8D6.C'3B''C}4D'3G4.G{''8DEF}4.G2C
1001004922_0,4''C(8{'CEG};3)4''CD/E(8{'EG''C};3)4EF/GxGAnG/F-2-/,'4.C{6.E6G}''4CD'4.E{6G''6.C}4EFG'''3xG''4AAG4.F
552010172_0,4-8-''G{EGED}/C-4-8-{DD}-/4-8-A{GAFG}/E-4-8-{CD'B}/,{''8GEGED3C}4C8D4D{8AGAFG}4E{8CD}'4B
454010386_0,4'G/''C'BAG/2G4EG/''CDE{8DC}/2D4-'G/,'4G''C'BAG2G4EG''CDE{8DC}2D'4.G
858000018_3,4-8.-6''B8B-/2-8.-6'''C8C-/2-8.-6''D{8.D6xC}/{8C6-D}{8.E6F}4F-/,''4B'''8.C''4.D{8.C6D8.E}4.F
600077090_0,8-{'''CC''B}6{'''C''GGF}{EGEC}/{A'A''FA}{GCEG}{F'''DDC}{''BAGF}/{EG'''C''E}{D'''C''DB}8{C'''CC''B}/,'''4C{''8B'''6C''8G6FEGE6.C'A''F3A6GCEGF'''8D6C''6.B3.A6GFEG'''C''ED'''3.C''6DB}4.C4B
1001140420_0,"6-{'''EC''G}{CEC'G}{'CG''CE}/'''{C''G''CE}{''C'G'CE}{C,GFC/","{'''6EC''GCEC'GCG''CE'''C''GCEC'GCECGF,3C'G,8.C}"
455001499_0,2'E/EE/FF/(E)E/FE/DE/1D/2CE/,'1EFE2FE8D4.D2E8D2D6.C''4.C'2E
553005284_0,'8{G''C}/4ECEC/AG2D/,{'8G''C}4ECEC'''3A''4AG2D
00000403002706_0,''2C'4.G8F/2E4-{8EF}/4GGAA/AG2-/,''2C'4.G8F2.E8F2G4A2A4.G
651004864_0,"4''CC8{C'GEC}/4''ED8'{GD,BG}/","''2.C{'8GEC}''4ED{'8GD,B}'4G"
211004681_0,4.''E8C4.'A8A/4B8{''CD}4.E8D/2xC4.E8E/4FD,''4.E8C'2A4B{''8CD}4.E2.D2E4FD
450002205_2,''8G/488G{C'''C}C{''CG}/i/{668AGF}{GFE}{FED}{EDC}/,''8G4GC4.CG8C2C{8G3.A6G8F6GF8E6FE8D6ED}4C
850607594_0,",8B-B-B-{'8.G6xF}/{8xFE}-G{xFE}-nB/4.B6A",",4B8.B4B'4.G8.E4G3E4E2B{8A}"
900010213_0,{''6C'B''CD}{8EE}{E6FE}{8DC}/{'6GxFGA}{8BB}{B''6C'B}{8AG}/,{''6C'B''3C6D}4.E{6FE8DC'8.G6A}4.B{''3C'6B8A}4G
212001934_1,8'G/6''{C'GEG}{''C'G''E'G}{''C'GEG}''{CEDC}/{D'BGB}{''D'B''G'B}{''D'BGB}{''DFED}/,{'8G''6C'GEG''C'G''E'3.G''6C'GE3.G''6CEDCD'BGB''D'B''G'B''D'BGB''DFE8.D}
211000645_0,"{8,G6AB}{'CDExF}{GFGF}{GFGF}/{8G6AB}{''CDExF}{GFGF}{GFGF}/8G-'''D-2(-)/","{'8G,3A6B'C3D6E3xF}4G{6AB''CDE8G3.xF}4.G{'''8.D}"
1001002253_4,{8C''C}8q''E{8D'6BG}{8.''C3DE}4D/{8'C''E}8qG{8.F3ED}{8.E3FG}4F/,'4C{''6ED'BG''8.C3DE}4D{'8C''E6.GF3ED8.E3FG}4.F
000119097_0,{''8.G3xFE}{8DD}{8.E3DC}{'8BB}/{''6C'BAB''CDExF}{8GAB}-/,''4G3E4D{8.E3DC'8B''3C'6BAB''CDE3xF8.G8A}4B
650011285_0,1''G/2AA/2.G4E/1C/2'''CC/''BA/1G/A/F/,''4.G3A4.A4A4.G4E1C4.B3A4A4.G3A4A2F
850777867_0,"2'C{6,G8.'C}{6,G8.'C}/2E{6xD8.E}{6D8.E}/2A{6G8.A}{6G8.A}/2D-",'2C{6G8.C6G8.C}2E{8xD8.E}2A{6.G8.A6G8.A}2D
1001011301_2,"{6.C3''C6.E3D}{6.C3'B6.A3G}{6.F3F6.A3G}{6.F3E6.D3C}/{8,B'CFG}","{'8C''6.E3D6.C'3B6.A3G8F6.A3G6.F3E6.D3.C,8B'CF}4G"
550282539_0,2.''C4C/2C4-C/8{'AB}2''C4'B/''1(C)/1-/2-4.C8C/'{BABG},''2C4C2.C{'8AB}''2C{'3B''8C'BAB}4G
454600104_0,-/2-4-G/6{''CD}4E6{DE}4F/EG'B''D/2C,'4G{''6CD}4E{6DE}4FEG'B''D2C
240004025_0,2''CE/{8GF}2F{8ED}/{6C'B''DC}{'B''CDE}{8FDEF}/,''2CE{8GF}2F{8ED6C'B''DC'3.B''3C6DE8FDE}4F
1001024982_0,'8E/{8.A''6C}'{B''DC'G}{GA''FE}{8.E6D}/{DCFE}{8.E6D}{DCDE}{FD'BA}/q8A4G(6{A''CE}3)(6{AGF}3),{'8E8.A''6C'3B''6DC'8G6A''F8.E8D6CF8.E8D6CDE3.F6D'B8.A8G3.A''C6E3A3.G8.F}
451501869_0,1''C/'B/2''D4DC/4.8'BB4B''C/DE,''2C'2.B''2D4DC'B''CD4.E
850605402_0,''4C---/=/2-{6C'B''DC}{EDFE}/{8GFED}{'GG},''4.C{'6B''DCEDFE8GFED}'4.G
454502742_0,''4C{8.C6C}4CC/4C{8.C6C}4CC/4C{8.C6C}4CC/4C{8.C6C}4F{8.F6F}/,''2.C4CC2C4C2.C4C2CF
00000403005214_0,=3/2-'8GGAB/''8.C'6G8.G6F8FE4-/,'4G{8AB''8.C}'4G8.F4E
211010012_3,{8.'A6A}{8A''C}4.E8xG/{8.6AA}{BB}8'''C4''B8-/,'4.A''8C4.E3xG4.A4B'''8C''4B
452521730_0,2-4-''8CD/4EEFD/2E,{''8CD}2E4FD2E
000128911_1,''6E/{8E6-'B}{8B6-B}/({''C'BA})8A-{''6.F3F}/{8E6.E3E}{8D6.D3D}/({6DC'B''8C})-,''4E'4.B{''3.C'B}4A{''8F3E}4D{3C'B''8.C}
1001160553_0,=5/4.'E8E4GG/4.''C8'B4B-/8.B6''C4.D8DED/4C-2-/,'2E3G2G''4.C{'8.B''6C}2D{8ED}4.C
200021899_1,{6.3''CD}/{8'B''C}6-{C6.3DE}{8FE}-{6.3DC}/{'B''CDG}q8'B{8.6AG}4G,{''6.C3D'8B''6C6.D3E6.F}4E{8D3C'B''C6.D3G'6.BA}4.G
600077279_0,{''8.C'6G}{EG''CE}4G{8E6-C}/{8.F6D}{EC'A''D}{8.C'6B}{8B6-G}/6G,{''8.C'6GEG''CE}4G{8.E6C8.F6DEC'3.A''6D8.C}'4B{6G8.G}
300514601_2,{8''E6EE}8{EE}4EE/=1/{8E6ED})8{ED}4ED/,''2E2.E{6D8ED}4E4.D
1001085342_0,G{6qFqG}{8''G'F}4G{6qFqG}{8''G'xG}/4A{6qxGqA}{8''A'G}4A{6qGqA}{8''A6-E}/{'''8C''BA}{GFE}{DxDF}{EC'A}/,'4G{6F6.G8F}4G{3.F6.G3.xG}2A{''6.E'''8C''BAGFEDxDFEC}'4A
410007375_0,''6E/2.E4-/-FF8.-6G/2G-,''6E2EFG
1001154899_0,(''1D)/2'B8{''DxCnC'A}/{''8.G6xG}{8.B6A}{8AnGF}{E(6F)'B}/,''2D{'8B''DC'A}''4.A{8GFE6F'8.B}
250008307_0,4-8-{6''EF}{GGGG}{GGEG}/{8GG}-G{6AAEF}{GGDE}/{8FF}-,{''6EF}4.G{6EG}2G{8A6EF8G6DE}4.F
850693567_0,{8.''E6F}/4G'''C4({8C''B'''D};3)4({8C''BA};3),{''8.E6F}4G'''4.C{''6.B'''DC''B8.A}
450117899_0,''4C'({8xFGA})4Gg''D({8C'B''C})/4D'G''2G/({8EFE})({DED})4CD/,''4C{'8.G6.A}4G{''3D6.C'6B''6.C}4D'G''4.G{6.EFEDED}4C4.D
850688022_0,''2E4DC/2C'4B-/''2F4ED/2D4C-/2G4FE/4.D8E4FD/,''2E4DC2C'4B''2F4E2.D4.CG4FE4.D8E4F4.D
1001267617_0,'8G/''4CCC-/E-G-/6{EFGE}{CDEC},'8G''4CC4.CEG{6.E6FGECDE8.C}
806410270_0,''8{CDEC}4CC/'8{B''C'B''C}2D/8{CDED}4CC/,{''8CDE}4.C4C{'3B''6.C'8B''6.C}2D{8CDED}2C
464140958_0,'8A4AAA8A/8A4AAA8A/,'8A1A4.A2.A
450006678_0,4-''EFE/i//:'4.A8A{8AAAA}/{AxG}-''C{C'B}-''xG/{AE},''4EFEFE'1A''4C{'8.B''3xG}4AE
456016487_0,4''E-DE/C-'B''C/'A-{8FEDF}/4E,''4.E4DE3C4.C'4B''C'4.A{8FEDF}4.E
1001030373_0,'4A{8B''C}{'BAB''C}/4D{8E'B}''4C{'8BxF}/4xG{''8C'G}4A''{8ED}/,'4A{8B''6.C'8BAB''6.C}4D{8E'B}''4C{'8BxF}4xG{''8C'A}4A''8E4D
211011773_0,1''G/4.8GE{8GF}{ED}/q4D2C-4C/8{CF}2F8{GA}/{AG}2G{6FEDC}/,''2.G{8EGFE}4.DCC8F2F8G4A8G4.G{6FED8.C}
600026823_0,'1G+/{8G6AB}qqB''CDr{8C'6EG}q8F{ED}-,'2G{6A3.B''3CD8C'6EGFE6.D8D}
250007265_0,2-4-8-6{''GF}/{8E6EF}{GAGF}{8.6ED}{8C6GF}/{8E6EF}{GAGF}8E-4-/,{''6GF8E6F6.G3A6GF8.E6D8C6GF8E6FG3A6GF}4E
1001156342_0,G8''CC4.E8'B/''4C'2G4G/GGB''C/4.D8E4D-/,'4G''C4.E'8B''4C'1G4B''C4.D8E4.D
1001024959_0,''6-3-{3G6.G3G}{6.A3'''C6.''B3A}2G+/''{6.G3G6.G3G}{6.A3'''C6.''B3A}2G+/,{''8.G6A'''3C''6.B3A}2G{6A'''3C''6.B3A}4.G
110001197_0,''1C2CC1CC2.C4C2CC1D2CC'1bBA/,''2CCCCCC4C1C2D1C'A
212008778_0,'4.G''8bE{8DC'bBA}/4.G''8bE{8DC'bBA}/{8GA}4bB{8AA}4B+/{8BA}4B{8.688ABAA}/4A-2-/,'4.G''4D8C'4A4.G''4D{8C'xAAGA}4B{8.A6B}2A
300512727_0,8''C{8.688CDCE}{EFEG}/4G{8FE}{DE}4-/'D8-{6'''D''F}{8FEE}-/,''4C{6D8C}4E{6F8EG}4G{8FED}4E'8D4D{'''6D''8.F}4E
452015769_0,4''D2G4xF/1(G)//4-6-{'BAB}4A6-{''GxFG}/4D6-{'''DCD}4''B6-{GxFG}/,''4D2.G4.G{'6.B6AB}4A''8.G4.D{'''6CD}''4B{8G8.G}
570001242_0,''4CCC-/2-4-8-C/4D'B''C8-4C/D'B8''C,''2CC4D'B''CD'B''C
550270836_0,'4E{6E3xFxG6A3B''C}{6'BxDE},'4.E{3xF6A3B''C'6BxD8.E}
650008666_0,{8''GxFGE}{GFGE}/{GFGE}4.'''C8''E/{GxFGE}{GFGE}/{FEFD}4C-/,''4.G8E4.G{8EGFGE}'''4C''8E4.G8E4.G{8EFEFD}4.C
650006786_1,4-/2-4-'G/''C2C6qq{DC'B}r8{''CD}/{FEDC}{'GFED}/{CEGE},'4G''C2C{3DC'B''8CDFEDC'GFEDCEG}4E
00000400111318_0,'2E4EE/2EE/F4ED/EF4.G8G/2.E4-/,'2E1E3F2EF4EDEF2GE
1001213614_0,4''C8CC4.'B8B/8.A6AAA488.G8G/8.{F6G}8AB''4C8'G6-E/,''2C'8B4.AG{8.F6G8AB}''4C{'8.GE}
452513372_1,=1/4-''C'B''D/C'B2A/,''4C'B''DC'B2A
450040022_0,''4.C8CGEC'G/8.A6A8AA4AG/,''2C{8GEC'G}2A4A4.G
210044677_0,8.{'''D6C}/4C8''B6-A4A8G6-F/2F8E-8.6{GF}/{FE}{ED}{DC}{C'bB}/2bB8A,'''8.D4C{''8.B6.A}4A{8.G6.F}2F4E8.G4F8.E4DC'6xA2.A
852029870_0,6-{'6DFA}{FDFA}{''DC'bBA}{GFED}/{''D'A''DF}D,{'6DFAFDFA''DC'8A6GF3E8D3.A''6DF8.D}
850783302_0,4'C{8.E6D}4G8-xG/{AEFxC},'4C{8.E3DG8AE6.FxC''8xC}
840028191_0,-/2-''4.C'6BA/8GE4.F8E4A/8G,''4.C{'6.B6A8GE}4.F8E4AG
000115087_0,{''8GG+}{6G3AG6FE}{xGA8A}{6A3BA6GF}/{ED}4D8F{6xDE8E}6-,''4G{3AG6F6.E3.xG}4A{6BxGFE}4D8F4.E
301007974_0,=4/''2.E4E/G{8FE}4D{8CD}/2E-/1-/2-2D/,''2E4EG{8FE}4D{8CD}2ED
530002135_0,8-'''6{C''B}'''8{C''B}{'''C''6EF}8{GD}/{E6C'B}8{''C'B}{''C'6EF}8{GF}/{EC}4-,{'''6C''B'''8C''B'''C''6EF8GDE6C'B''6.C'8B''C'6E3.F8GFE6.C''8C}
240011293_0,=7/4-8.6''ED8C'BAxG/AB''CDE6{FE}{DC}{'BA}/8xGE4-2-/,{''8.E6D8C'B}4.A{8B''6.C8DE6FEDC'BA6.xG}4E
230001883_3,=5/2-8-'G''C'B/4''C--8-'G/{AG''C'G}{AGA}B/4''C,{'8G''C'B}''4.C{'8GA6.G''8C'GAGAB}''4.C
650013461_1,=3/2-4-8-'G/2''C4'C-/8{''CCDE}{8.F6D}8'B,'8G2C''C{8DE8.F6D}'4B
240002616_1,{6'EEEE}8E-{6EEEE}8E-/i/,'8.E2EE2.E
1001237418_0,8{''CD}/4..E6E4..E6E/4EAE8{EF}/2GE/D4-,{''8CD}2E2.E'''3A''4A4.E8F4.G2ED
550265493_0,2''C4C8CC/'2B4B-/2''C8.'A6A4A/,''2CC'2.B''2C'A
840023940_0,"4-,8.E6A4xG8AB/'C,A'4E8.D6C,8B'C/'8.A6A4A","'4E,3A4xG{3xA8AB'C,6.A}'4E{8.D6C,8B'C}2A"
452514866_0,{''8.C'3BA}{8.G6xG}{8.A''3C'A}8G6-''3C/{6D3DF}{6E3EG}q8G{F6ED}q8F{E6GE}q8DC,{''8.C'3BA}4G{8.A''3.C'3A''C'8.xG''3.C6.D3FE6.G6FEDFEGED8.C}
450051464_0,''4C/!{(8G8.E'''6C)}''4A!f/2At8{GCEG}/,''4C{6.G8E'''6C}''4A{6.G8E'''6C}''2A{8GCE}4G
455008364_0,4''C'GGq6bB{8AG}/4Gq6bB{8AG}{AtG}8(6{''EFG};3)({FGA})/{8G'''C''GE}{FtE}8(6{'EFG};3)({FGA})/{8G''C'GE}{FtE}4-/,''4C'1G{6A8GAG''3.EF3G3.FG3A8G'''C''GEF'8.E3.F3GF3.G3A6.G''8C'GEF}4E
212009117_1,8-''GqF{8E6DC}{8.Ft3EF}{8D'B}/{6''CD}4E8D,{''8G6FEDC8.F3EF8D'B''6CD}4ED
840010053_0,8-C4.G6FE8AA/GC-4G8F6EG8A_/AG 6FGAB8C4G8F/4.E,'8C4.G{6F3.E}4A8G4CG{8F6EG}4A{8G6FGAB8C}4G8F4.E
1001247980_1,=6/8-{8CEG}{8.6''CC}{6C'B''CD}/{8E'DEF}{8.6''CE}{6EDEF}/,{'8CEG}''4.C{'6B''3C6D8E'DEF''8.C8E6DE8.F}
550265112_0,''8G/4G+{6GFED}{8CG}{6AB'''8C}/{''8.B6A},''8G4G{6FED8CG3.A6B'''8C''8.B'''3A''8A}
450061596_0,4'CxCDxD/2E4FxF/GxG2A/4G8{FE+}4EbE/,'4CxC{8D''6.xD}'2EFGA4G8F4.ExD
452521707_1,=15/2-4-8.-''6E/4..E6E8.E6E8.E6E/2.E,''6E1E
300033241_0,4'G/''C'8.{C6C}4E8.{E6xF}/4.G6{AxF}4G-/,'4G2C4E{8.EA}4.G
310000096_0,4'B''C'G''E/DC2G+/GxG/BA+/2.A4G/F,'4B''C'G''EDC'''4.A''4AG4.F
280002412_0,4''C/'B8{AxG}4AE/4.E8E4E,''4C'BAA2E3F2E
230007317_0,4.''C{6DC}4'BB/{8.6''CD}{8ED}2D/{6GEGE}2C,''4.C{6DC}'4B{''8.C6D8E}2D{6GEGE}2C
100500621_0,//:2-4-''A/4.G8F{ED}{ExF}/{GxFGA}4GF/E8{FE}4.D8C/2C4-D/,'''3A''4A4.G{8FED3E}4G6.A2G4E{8FE}4.D2.C4.D
850004755_0,4-/'G-''C-/6{EFED}4C-qq6CDr{8.E6C}/'2G8{GAGB}/,'4.G''C{6EFED}4.C{3D8.E6.C}'2G{8AG}4B
455029900_2,{8''ED}{DC8.C6C}4C{8FE}/{ED8.D6D}4D{8EF}/{GEGE}{AFAF}/,''8E4D8C4CC{8FE}4.DD{8EFGEGE6.A8.F6.A}4F
800259515_0,4''C{8EC}4.8'A''F/{8FE}{ED}2E/4G,''4C{8EC}'4.A''4F{8ED}2E4G
450066875_0,4''E-E-/EEEF/2EF/4E,''4.EE4E2E4F2EF4.E
1001232791_0,8'C/2.88[C-E]/[E-G]/!{8AGxFG}!f/6A,'4C''2C'2.E{8GA}4.G8A4.G{8.A}
00000400110571_0,''1G+/G+/G+/G/'''{6E''EFG}{AB'''CD}{EDC''B}{AGFE}/2E-/,''4.G{8E6FG3.A6B'''CDEDC''6.B3.A6GF}2E
553003441_0,"'''4C8.-'6C8{C6-C}{8C6-C}/{''8.B6(5AGFEDC;6)}'8bB6-6(5{AGFEDC};6){,8BBBB}/","'''4C'2C{''8.B3GFC'8.A3FG,B'FD},2B"
858000066_1,''{8.6bEG}{8bBB}{6BD}4D8E/gD{8C6'bB''bE}q8'B4bAG-/=/''{8.6bEG}{8bBB}{6BD}4D8E/,{''8.xD6G}4xA2D{8C'6xA''xD'8xA}2G{''8.xD6G}4xA2D
850730546_0,''4C{8.C6C}{8.E6E}{8.G6G}/4CC2-/1-/2-4E,''2C4EG2C4.E
570000560_0,''4C8{GG}'''4C{''8CxC}/{8.D3EF}{8ED}4C-/,''4CG4.C4D{3.E3F6.E8D}4.C
454010660_0,8'GG/{G''C}4C({8C'B}A)({GF}E)/{(EGF)}4F-,'4.G''2C{'6.BAG6F8E6.G}4.F
456008373_0,2'F4FE/2DE/4.8EDCD/2EE/,'2F4FE8D4.D1E{8D6.C}''4C'8D1E
550506455_11,1''xF/xA/B/A/bB/'''nC/xC/,''4.xF2.B3A2.A'''2C
806245207_0,''0D/1DE/2D'B''1C/'1B2-2A/,''2DDED'B''C'2.B2A
1001114093_0,4'E/GFE{8EF}/{GAGF}4EG/AAA{8''C'A}/2G4-''C/,'4E3G4GF{8EFGAGF}4EGAAA{''8C'A}2G''4.C{'3B}
850666795_0,4''C{8.C6C}4CC/-{8.E6G}4E-/=2/{8.G6F}2F4D/,''2.C4.C{8.E6G}4.E{8.G6.F}2F4.D
800273783_0,4-'6GG8G''6CC8-CE/q8D4C8-C8.E6CC'G''ED/4D6-,'4G''4.C{8ED}4.C{8.E8C'3.G''6E}4.D
1001196747_0,''4E/4.D8C'4B''D/4.C'8B4AA/''C'GFD/2.C,''4E4.D8C'4B''D4.C'8B2A''4C'GFD2C
1001093964_13,"=10/2-4-8-6.-({5,B'CD})/{8..E3D8..E3nE}{8..F3nE8..F3D}/1xF/4GD2E/","{,3B'C,B'8.E3.D}4E{8.F3E8.F3.D}2.G4D2E"
1001105138_0,''4.C8ED'B4G/4.A''8C'BG4E/4.F8FGE4C/,''4.C{8ED'B}4G4.A{''8C'BG}4E2F{8GE}4.C
705001578_0,"3-{'AB''CD}{ExFxG}{AGFE}{DC'BA}{''CEC'A}{EC,A}{'EAEC,A}%F-4 {EC,,A}-/","{'3AB''CDE3.xF3xGAxGxFEDC'BA''CE3.C'3AE3.CE3AE6C,3EC,,6.A}"
850022158_0,''4C{6C'B''CD}4E6{EDEF}/4GG+{8G6AG}q8G{8F6ED}/q8D2C,''4C{'6B''CD}4.E{6DEF}2G{6A8G6FE}4D4.C
270001356_0,{8''E3EFEF}{8G3GAGF}4E-/{8E3EFEF}{8G3GAGF}4E-/{8D3DEDC}{8'B3B''C'B''C}4D-/,{''8E3FEF8.G3AG3.F3EFEF8.G3AG3.F}4.E{8.D3EDC'8.B''3C'B''C}4.D
540000465_0,'4-/8{EGEG}{FGFG}/{EGEG}{FGFG}/{EGEG}{FGFG}/2E4DG/,{'8EGEGFGFGEGEGFGFGEGEGFGFG}2E4D4.G
450000036_0,'8{EG}{G''C}{CE}4E/8{DF}{D'B}{''DC}4C/,'8E4G''C8E4E{8DFD'B''D}2C
300512727_0,8''C{8.688CDCE}{EFEG}/4G{8FE}{DE}4-/'D8-{6'''D''F}{8FEE}-/,''4C{6D8C}4E{6F8EG}4G{8FED}4E'8D4D{'''6D''8.F}4E
1001042217_0,4'EG''C'B/xGAxFnG/EnFGD/1E+/E/D+/D/C//,'4E3G4G''C'B2AG4EFGD4.E''4E'2D2.C
500027205_0,"{'8EC}-q6F{E3DC}{8G,G}{'6GAB''C}/{DxCD'B}",'8E4C{3.F3EDC8G''3D'8.G6AB''C8.D'8B}
450025602_0,{''8.E6D}{8E6DC}{'8B''C}-'G/{6GAAB}{''8CE}{8.D3EF}{8E'G}/,{''8.E6D8E6DC'6.B''8.C'G8A6B''8CE8.D3EF8E'3G8.G}
451026141_0,=/2-4-{8.6'''CD}/''8B-{8.6AB}8G-{8FG}/,{'''8.C6D''8.BA6B}4G8F4G
550282052_0,''4E{6DEFD}4E8-E/DEFD{E6DC}4-/,''4E{6DEFD}2E{8DEFDE6D8.C}
852030199_0,2''C{8C'G''CE}/2Eq8G8FEq8G8FE/q8E4D2C4'B/,''2.C{'8G''CE}2E{6GF8E6GF8ED3C}2C'4.B
452511607_0,'4EGAB''C'B''CD/9E/2-G4GGGG/9E/,'4E3G4GAB''C'B''CD2E4.G4GGGG2E
000125677_0,''4CgF{6EDEF}8G4G'''8C/{6C''A}4A'''8C{''8.G3AB}{'''6C''GFE}/q8E4D,''4C{3F6EDEF8G}4G{'''8.C''6A}4A{'''8C''8.G3A3.B'''C''6GF8.E}4D
452501594_0,''4CCC{'8.B6A}/4B''2E{8.E6D}/4CCq8D4C{'8BA}/4B,''2C4C{'8.B6A}4B''2.E6D4CC{8DC'BA}4B
452504340_0,"8''E/({6CEC})({'A''C'A})({EAE})({CEC})8,{A6.3''AE}q8E4D/6{EC}-","{''8E3.C3E6C'3A''3.C'3AE3.A3E3.C3E6.C,A''A8.E8D6E8.C}"
530003108_0,4-''C8{D'BG''D}/4.E6{DC}4.'B6{AB}/8{''C'G}2''C4'B+/B2A4G/,''4C{8D'BG''D}4.E{6DC}'4.B{6AB''8C'G}''2C'BA4.G
1001180091_0,4'E/24AB/''C'B/AB/8{GxF}4E-/,'4E2A4B''2C'4B2A4BG4.E
280001245_0,"8{'EF}/4.G8{ED}{C,B'C}/4C,B-","{'8EF}4.G{8EDC,B}'4.C,B"
1001222112_0,"8C6-G{GEGE}8C6-A{AFAF}/{,G'BBB}{B''DC'B}{''C'GGG}4G/",{'8.C8G6EGE8.C8A6FAF3.G}4B{''6DC'B''3C}'2G
1001164762_0,G8EE4G''C/1E/'4G''EED/,'4GE3G4G''C2E'4G''EE4.D
550265921_3,4.'A8A4B''E/'A2''D4C/4.'B8BA,'2A4B''E'A''2D4C'8B4A
450006018_0,4-'G{''8.C6D}{E3FEDE6C}/{8.G6F}6.3{EDC'bB}2A/,'4G{''8.C6DE3FEDE6C8.G6F6.E3D6.C}'2A
1001122392_0,2'G''C/2.D4C/C'BAG/2.G8{AB}/2''CE/2.D4'G/,'2G''CD4CC'BA2.G{8AB}''2CE4.D'G
00000990042698_0,4''C'G{8ECEG}/8''C3{'GFED}{8C''C}{6CE8D}-'G/,''4C'G{8ECEG''C'3GFED}4C''6E4D{'8.G}
1001208220_0,2'EE/1AxG/2AB1''C/'2B''CDE/'2.B4A1A://,'1EA2AB''C'B''CDE'2.BA
211004314_0,"8{''C'C''E'C}{''GxF}4-/{8'G,G'B,G}{''FE}4-/b8{EE}336{FED}{EDC}{8'B''Ct}4-/",'4C{''8E'C}2G{''3D'6.G8BG''FE3.F3E6D3ED6C'3B}''4C
850660080_0,"4-'C2G/4G{8FbE}4DC/,2B'4C,bB/1bA/","'4C2.G{8FxD}4DC,2B'4CxA,1xG"
310005286_0,1=/4-2'A4''F/4.E8CE4D8C/2C4C'B/1A/,'2A''4F4.E{8CE}4D8C2C4C'B2A
457000964_0,4'GDGD/EEE4-/AEAE/GDGD/EEE4-/GxFExF/2G2-//,'4GDGD2.E4AEAE3G4GDGD2.E2EG
00000408004581_0,"'4C{,8.B6B}'4C{,8.B6B}/'4C8-C{CE}{EG}/''4C","'4C,B'C,B'6.C2C4E8G''4.C"
211010392_0,6{''D'B''D'B}{''D'B''G'B}{''C'A''C'A}{''C'A''A'A}/{BGBG}{BG''G'G}{AxFAF}{AF''F'F}/{GEGE},{''6D'B''D'B''D'B''G'B''C'3.A''6C'A''C'8.A6BGB3.G6B8.G6AxFAxFAxF''F'3xF8G6EG3E8.E}
853001565_0,2-8-{6''GF}{EDC'B}/4''C-8-{6'''C''B}{AGFE}/4F-8-,{''6GFEDC'3.B}''4.C{6.B3A6GFE}4.F
1001263360_0,''1C/2G'4B''C/'''2F4xCD/''B'''C2-/,''2C4.G'4B''C'''F2D''4B'''C
550281217_0,2-4-8-G/4G+6{GAB''C}4'G8-G/4''E+6{E'B''C'A}4G8-G/2bA4GG/,'4.G{6AB''3.C}'2G''3E4E{'6B''3C}'2AGxGG
464131430_0,4-''C'BA/1G/4G2A4A/xGGAF/2E,''4C'BA2G4G2A4xGAF2E
1001043931_0,{8C''6C'B}{''C'B''C'B}8{''C'G''C'G}/4''C-2-/{8C''6C'B}{''C'B''C'B}8{''C'G''C'G}/4''C-2-/,{'8.C6B''C'3.B''6C'B''6.C'8G''C'G}''2C{'3.B''3C'B''6C'B''8C'G''C'G}''4.C
806150237_0,'2G4.B''8C/4D'BAB+/B{8AG}4AB/,'2G4.B''8C4D'BA2B{8AG}4A4.B
600025963_0,"''4C'8{GE}{CEEE}/{EEEE}{FFFF}/4G{8D,B}{G'GGG}/","''4C{'8GEC}1E8F4G{8D,B}'2G"
201004349_0,{8'GAB''C}2D/'B-/4-G''C8'BB/4AG,{'8GAB''C}2D'B4G''C'BA4.G
000105052_15,{'8ED}/4CCC{6GAGF}/4EEE{''6C'BAG}/,{'8ED}2.C{6GAGF}4E{''6C'3B6A3G8.G}
452018974_0,2''C4.E8C/{8.G3(AGF)}4E8.-{6E8.F6G}/{8.A6G8.F6E}{8.D3EF}{8GF}/,''2C4.E{8C8.G3AGF6E8.F6.G8.A6G8.F6E8.D3.E3F8G}4F
230005185_0,2''C'B/''FE/-D+/DD/1-/2'B''C/=2/2C'B/''FE/4.8'bBB2A/,''2C'B''FEDD'B''C'B''FE'xAA
450021115_0,''4C'8.6EE4AD/G8AB{''CD}{ExF}/4G'8.6BB,''4C'EADG{8AB''CDE}4.G{'8.BB}
00000408004699_0,'4-CEF/2G4GG/''CC'4.B8A/''2C4CD/4.E8D,'4CEF2GG''4CC'4.B8A''2.C4D4.E4D
455025507_0,8-'EEE488AAB/x''8-CEDE/xC-'A''C'BA/,'4.E3A4.A4B{''8CEDE}4xC{'8A''xC'B8.A}
250010359_0,8'GG/4''CE8-{ED}C/{8.6'B''D}4F-8ED/4.8CC{8.6DC}{DE}/4C-,'4G''C2E{8DC'8.B''6D}4.F{8ED}2C{8.D6C8.D6E}4.C
190005830_0,'1E/2.E4E/2GG/AF/E4-''C/'AB''C'B/1A/xG/,'1E2EGGAF4.E''8.E4C'AB''C'B1A
1001007843_0,",{(6GAB)}/'2C+{8.C6E8.G6E}/4C4-4-8-,{(6GAB)}/'2CxCqq{3,B'C}r/8D-","{'6G,3AB'6.C}''2C{'6.E8.G6E}4.C{6.G,3A3.B'6.C}''4.C{,3.B'6.D8D}"
1001233609_0,'''4CC2C/4C--''G/2G4AG/4.G8F4E-/,'''1C''2.G3A4AG4.G8F4.E
452502732_0,''6C/4C8.-6E4E8.-6A/2A-/,''6C4.CEA
452502599_0,''4E8-E4G-/{8.E6E8.D6D}4E-/{8.E6E8.xF6F}4G-/,''2E4.G4ED4.E4E8.xF4.G
703000882_0,4-''E2F/1E/=1/E/4DC'2B/,''4E2FE4DC'2B
1001209394_0,4''C6-'{GAB}8{''CCCC}/{C'G}6-{GAB}8{''CCCC}/{C'G}6-{GAB}4''C6-{'GAB}/4''C6-{'GAB}{''C'GAB}{''CDExF}/,''4C{'6.G6AB}''4C'G{6AB''8C}'4G{6AB}''4C{'6.G6AB}''4C{'6.G3.A6B''C'GAB''3C6DE8.xF}
201009387_1,4''C{6EDC'B}4''C'G/2C+{6CDEF}{GAB''C}/q4E2Dt+{6D'GAB}{''CDExF}/q4A2G+{6GFED}{C'BAG}/,''4C{6EDC'B}''4C'G6.C''2C{'6DE3.F6G3.A6B''C3E}4E4.D{'6GAB''CDExF}4A4.G{6FEDC'BA8.G}
453004057_0,8''C4E8D{6C'B8''C}{6'GFGF}/8E4''G8F6{ED8E}{6EDED}/8{CFFF}{FE}4Dt/,''8C4E{8D6C'B''8C'6GFGF6.E}''4G{8F6ED8.E6D3.E6D8C}2F8E4.D
455018405_0,"1'C/4.''C8'B4''D-/2'A4.F8D/2C4,B-/1G/4.'G8F4A-/","'6.C''1C'8B''4.D'2A4.F{8D6.C}''4.C,B1G'8F4.A"
00000407001357_0,'2xC{8.bE6nE}/xFbE2(4nEFF;3)/,'6.xC''4.xC{'8xD8.E6xFxD8.E}4.xF
1001071176_0,2-B/''C'B/A4B''C/2DE/DC/'1(B)/2-''D/C'B/''C'A/,'2B''C'BA4B''C2DEDC'2.B''2DC'B''C'A
450010285_0,''4CCC8-{3C'B''CD}/{8EC'GE}{6FE}4F,''1C{'3B''CD8EC'GE3FE}4.F
450062211_0,4''C8'{BA}4G-/A8{GF}4EbB/A-''xC-/2.D4-/,''4C{'8BA}4.G4A{8GF}4E2A''2.D
00000402013263_0,'4.G8G2G/''C'B/4AB''C'B/''4.D6{C'B}2A/B-/,'4.G2G''C'B4AB''C'B''4.D{6C'B}2AB
1001263670_0,"2'A''D/F+8{FAFD}/{'AFD,A}4FG/","'2A''DF{8AFD'AFD3AD,6.A}'4F4.G"
458000073_0,{'8EF''CF}{GbAEF}/{B'''C''bB'''C}{''ABEF}/{bAbBGA}{EF'nB''C}/,{'8EF''CF}4G{8EF}'''4.C''4A{8EF6.xG8xAG6.xG8EF'B}''4C
500027415_0,'''2C4.C8C/2C4-{''8.C6C}/4D-E-/4.G8F4E-/,'''4C4.C4C''C4.DEG8F4.E
450300264_0,4''GAxFG/4.xF8F4G{8A'A}/4.B{6AG}4xF,''4G3A4A2xF4G{8A'A}4.B6.A4.G
840027880_0,4-'8EE4A8AB/'CC6-CDE8DD,'4E4.A8B4.C{6DE}4.D
451007463_0,8.6''CD/4EC-8.6DE/4FD-,{''8.C6D}4E4.C{8.D6E}4F4.D
551006894_0,"E{8.6EE}{8EEEE}4/''C'B2-/4E{8.6EE}{EE}8{EE}4/''DC2-/=2/{6,A'C,BA}{A'C,BA}{6,A'C,BA}","'1E''4C'4.B2E4EE''D4.C{,6A'3C,B6.A'C,3B6.A'6C,6.B8.A}"
00000400113128_0,"{8,A'CEA}4A8xG-/{,B'DxGB}4B{8A''E}/{FF}","{,8A'CEA,B'DxGB}4B{8A''E}4F"
00000400101430_1,4-'EEE/2.A{8GE}/4-GED/2E,'2.E2A8G4EGED2E
1001045312_0,1'D/4E-2-/1xF/4xD-2-/,'6.D2D4.E2G4.xD
1001220624_0,''2C/ED/C'B/AB/''(C)'{8G''6C'B}{8xGA}{nG''C'B''D}/2C{8CxC}{D'B}/''1C2C/FE/DC/'B''C/(D),''2CEDC'BAB''C{'8G''6C'B}4A{8G''C'B''6.D}2C{8D'B}''2CFEDC'B''CD
550265667_0,8''{GG}{G6AF}{8GG}{G6AF}/,''4.G{6AF}4.G{6A8.F}
456009861_0,8-/=1/2-4-8-'C/GGGGG,{'8CG}2G
240004012_1,8''E/{'AA}{3AB8.''C}{8'BD}4''F/q8F{E6DC}q8E{D6C'B},''8E'4A{3B''8C'BD}''4.F{6EDCEDC'8.B}
212006854_0,{8''EEGG}{AAAA}/{GFEE}{DDDD}/,''4EG2A{8GFE}2D
455003980_0,4'AAGF/2E(D)/4AAB''xC/2D(xC)/4DFEE/1D://4'A''C'bBA/,'2A4GF2E8D4.D2A4B''2.D4F2E4.D'4A''C'2A
850808530_1,{(8''8B'''8C8D)}/8-8xD+2D4-/8-''8A+2A4-/4-{('8B8A8B)}4E{(8B8A8B)}/4-{8B8A8B)}4-{(8B8A8B)}/i/2-,{''6.B'''C}4.D''3A4A{'6.BAB}4E{6.B6A}4.B8A4.B6.A4.B8A4.B{6.A8.B}
00000400098538_1,''2C'4B''C/'4.B8A4G-/''4.C'6{B''C}8{EC}'{GE}/4.G8F4E-,''2C'4B''C'4.B8A4G''4.C{'6B''3C8EC'GE3G8F}4.E
600251305_0,4.'A8A4G''8ED/4.C8C4'B-/,'2A4G{''8ED3C}2C'4.B
1001035713_0,6-{CEG}{''C'G''CE}{''G'GB''D}{GDEF}/8{EC}6-{GEC}{'A''CCC}{FDDC}/{'B''DDD}{GFEG}{FEFG}8{FD}/,{'6CE3.G''6C'3.G''6CE'8G6B''DGDEF8E8.C6GEC'A''8.C6F8D6C'3.B''8.D6GFEGFEFG8F}4D
850022612_0,4.668888''C{EC}{'GGGG}/G{''C'G}{EEEE}/E{GE}{CCCC}/2C,''4.C{6EC'3G}2.G{''6.C'3.G}2.E{6GE}1C
455004949_0,2'E/DE/AB/''C'B/AF/,'2E8D4.D2EAB''C'BAF
551002853_1,'8-'{AAA}{D6bBA}{bBAGF}/{EFGA},'4.A{8D6.A6GFEFG3A8.A}
1001088997_0,4-'GG''C/2C4'B-/-G''CE/2E4D-/,'4GG''C2C'4.B4G''CE2E4.D
450101288_0,''2.E4D2C'xG/A4.B8''C1C/'2BEE4.F{6GF}/,''2E4D2C'1A4.B''2C'B1E4.F{6.G8.F}
1001154984_1,4G''C4.C8E/4EDC'B/2''D4C-/,'4G''2.C4.E4DC'B''2D4.C
1001115701_0,'''4C-E-/G''''4.C'''8{B''''C'''A}/{GAFG}{EFDE}/{CEG''''C}'''{B''''C'''AB}/{GAFG}{EFDE}/4C,'''4CEG''''C{'''8B''''C'''AGAFGEFDECEG''''C'''B''''C'''ABGAFGEFDE}4C
1001150937_0,6-{''AGF}{EFCD}{EC'B'A}{xGBxFG}/{A''C'BA}{B''ExGE}{AFED}{EDC'B/8''C8-4-2-/,{''3.A6GFEFCDEC'3B3.A3xG6BxF3xG6.A''6C'BAB''6.E3xG6.E3A6FEDEDC'3.B}''4C
454009569_0,"2,G'C+/4C{8,BA}2B/'G''C+/4C{8'BA}4B''C/",",2G'C{,8BA}2B'G''C{'8BA}4B''4.C"
200021893_0,"4''G8-'''C{''G'''C}{''EG}/{CE}{'G''C}{'EG}{CG}/4,bB-''bB-/8A-G-4F-/","''4.G{'''8C''G'''C''EGCE'G''C'EGCG},4.xA''2A4G4.F"
550268228_3,4-8''E{6DC}{8D'G}GG/''C6CC8CC4C'B/,{''8E6DC8D'G}4G{''8.CC}4.C'B
454009570_0,2'EG+/GF/FA+/AG/''C4'BA/2''D,'2EG1F2AG''C'4BA''2D
800272674_0,4-4G1G4.G8G2.G4G''2.G4F2.E4E1D/,'4G1G''4.G4FE2D
530003311_0,{''8C'BAE}{FD}{6GFED}/{8C''CCC}4.D8D/{CEDG}4GxF/8G,{''8C'BAE6.F8D6GF3E6D8C}''4.C2D{8CED}2.G
190101385_1,4-/2-4-'G/FED-/2-4-A/xGxFE,'4GFE8D4D2A4xF4.E
454014820_0,2'C4EG/2A4GE/1''xF/2.F4-/2'D4F,'6.C''4.C'4EG2A4GE''1F'2D4.F
540000358_1,"4.'C8C4,B'C/4.D6{EF}4ED/C","'6.C4.C,4B'C4.D{6E3.F8.E}4D4.C"
1001150695_2,8-{GEC}''{C'C''C'bB}4./A{6bBA}{8GC''C'nB}866/{AB''C}8{DC}4.8'B''D/6-''{EDE}{CD'B''C},{'8G6E}2C{6A6.G}4C{8BA6B''3C8DC}'4.B{''8.D6EDECD'B''8.C}
456008843_0,2-2.4''EG2F1E9-2-2.4AGFE,''2E4G2FE4.A4G2F4.E
1001066031_0,=1/1E/G/4''CC'GE/ED2-//,'2EG''C'4G2E4.D
453502804_0,6{C''C'B''C}{DCEC}{'BAxGA}{''DC'BA}/,{'8C3B''6CDCEC'3B6.A''6DC'B3A8.A}
1001208811_0,'2G''C'G/AAG4GF/2E(C)-D/ExFGA/,'2G''C'G1A2G4GF2E8C''4.C'8D4.D2E1G2A
100500720_3,=2/1'G+/2GA/BG/1''C+/D/E/2.D4C/DEFD/,'2GABG''CDED4CD3E4EF4.D
452021121_0,'{8GG}/''4CE{8'C''EDC}/'{8.B6G}''4F8-,'4G''CE{'8C''EDC'8.B6G}''4.F
1001016979_0,4''C{8.6CC}4EC/4.G8(6{AGxF};3)4.G8'''C/8.6{''BB}{AA}{GG}{nFF}/,''2C4EC4.G{8A3.G'''8C''6.B}4AG{8.F8F}
410006204_2,=1/'8GG4.G8{G''C}'bB/4DD2D8{C'bB}/''4CD'(AGF)/2.G4-/,'4G2G{''8C'xA}2D4.D{8CxA}''4CD{'8.AGF}2G
703000753_0,''8D'bBG6GA8.B6B8AG/''CC4-8CbEC6C'G/,{''8D'xA6G8.A8G}''2C{8xD8.C'G}
000138234_0,''4C-'''C-/'G-''B-/C8-G{8.A3BA}{8G'''C}/''8.F,''2C'4.G''BC{8G8.A6B8G'''C}''4F
1001201563_0,2-8-{''xDE6-C}/8{'GB''C6-'G}8{ExFG6-E}/4.C6{CD}{FEDC}{AGFE}/,''4E{6C'8GB''8.C'6G8E}4G{6E6.C}4.C{6DF3E6DCAGF8.E}
806931493_0,'1G''D+/2DDEE/2DDEF/,'2G''DD1E2DDEF
00000402009847_0,''4C'{8.G6E}4C8-E/{FDGE}C--''C/gE8{DCFE}{EDCE}/gG8{FEAG},''4C{'8.G6E}4.C{8EFDGE}4.C{''3E8DCFEDCE3G8FE6.A}4G
000117094_0,!8-{''6xFG}{BGxCD}!f/8-{6FG}{BGxFG}{BGFG}{BGDxD}/,{''8G6BG}4D{8G6BG}4D{6FGBGBGBGD8.xD}
605000395_0,2FA+/4A8{GxF}4GB/A8{''xCD}{EC'AG}/4nFG2A/,'2FA4GGBA''E{'8AG}4FG2A
450008279_0,''4EG{'''8.C''6B}{AGFE}/8{DD}q6E{DxCDE}8D6-'G{AB''nCD}/,''4EG{'''8.C''6.B3A6GFE}4D{3E8D6E8.D'6GAB''3C8.D}
240004130_0,4'C8-C{CCCC}/4E8-E{EEEE}/4G8-G{GGGG}/,'6.C1C4.E2.E2GG
1001002159_0,4'G/4.''C8'G4''EE/D'G4.G8''C/4C'A4.A8G/4.G8xF4G8-G/,'4G''4.C'8G''2E4D'G4.G''C'3A4A4.A2.G2G
469282100_0,4''CC{8C6-'G}{6.3''C'G''EC}/{GE'''C''G}{GFED}{8E6-'G}{6.3''C'G''EC}/,''2.C{'6G''6.C'3G''6.E3C6.G3.E'''6.C''8G3F6.E3D8.E'6G''6.C'3G''6.E8.C}
800000554_0,'8D/{DFAB}{''DEFD}/{GF}{E'E},'4D{8FAB''DEFDGF}'4.E
600236343_0,''6A/4A+{6AGFE}{8D6EF}{8.E6D}/{8.xC6D}{E'AGE}{F''D'D''C}{8D'D}/,''6A4A{6GFE8D6EF8.E}4.D{6E'AGEF}2D
840018745_0,2-4-'4.B''6C/4D8.E6F4G8-D/4E8.C'6B4A''8.D6C,'4.B''6C4D{8.E6F}4.G8D4E{8.C'6B}4A{''8.DC}
600236553_0,''{6.C3E6.E3C}4G6-{C6.C'3A}4''E/6-{'6A8.A6F}''4C6-{3D6.D'3A}{8.B6B}/,{''6.C8E3C}4G{8.C'3A}''4E'A6F''4C{8D'3A8.BB}
1001118567_0,2'A4GA/''CD'A8-A/4AGAF/EFD8-,'2A4GA''CD'3A2A4AGAFEF4.D
1001091370_0,=6/2AE/4AABB/1''C/,'2AEA4BB''2C
455037346_0,4'A''C8'BA/4''E'B-''E/E8EE{DC}'BA/4''FD-D/2D{8C'B}{AG}/4''EC2-/,'4A''C{'8BA}''4E'4.B''2.E{8DC'6.B8A}''4F4.D4D2D{8C'BAG}''4E4.C
850670046_0,'9G/2F4GG+/{8GFEF}2G/9E/,'2GF2.G{8FEF}2GE
454016848_0,4''D{6DEExF}4F{6FGGA}/8A-,''4.D8E4xFGA
1001223460_0,'4G/''2CE/'2.F4F/4.F6{GA}4GF/2.E,'4G''2CE'1F{6GA}4GF2E
458001007_0,=1/24.84.82'xCDF/xFbBB/DFxF/A''xCC/,'6.xC''4.xC'8D4D2F2.xA8D4.DF8xF4.A''2xC
550500540_0,''4C2C{8.Dt3CD}/q6F4E2Eq6G{8.Ft3EF}/4.G8E{'''C''BAG}/{GF}2F4E/4.D8E{FDC'B}/,''2.C{8.D3CD8F}2E{6.GF3EF}4.G{8E'''C''B6.A}4G8F2F4E4.D{8EFDC}'4B
250008495_0,4'G/244''C'G''C/D'G''D/2E(C)/4'AAG8G''C/4DCFE/1D/,'4G''2C'4G''C2D'4G''D2EC'4AA4.G''8C4DCFE4.D
250011320_0,{8.6'GG}/4''C{8.6'CC}{EE}{GG}/4''C{8.6CC}4C{8DD}/4E{8EE}4DD/E--{8.6'GG}/4''C{8.6'GG}4''C{8.6'GG}/4''C{8.6CC}4C,'4G2C4EG''CCCD2E4DD4.E'3A4G''C'G''C'G''C2C
100029289_0,0--1-''A+/2AA1G/2.F4E1D/EE/,'''3A''4.A4A4.G2F4E2D1E
455026744_0,{8''EC'A''A}{BEA6BA}/4xG8-'''C{''A'''C''DB}/{'''C''EA'A}{''FD'ExG}/4A-2-/,{''8EC}'4A{''8BE6.AB3.A}4xG{'''8C''A'''C''DB'''C''E}'4A{''8FD'E}2A
550270442_0,'8G/''{CC}{6CEDC'BA}{AG8G},'8G''4.C{6EDC'B8A}4G
1001137093_0,4''C8.6{'CC}{C''CEC}/4G+8.{G6'G}4G-/-8.6{''EE}{DDGG}/{CCFF}{'BB''EE}/,'2.C{''8.E6C}4.G'G''4EDGCF'B''4.E
550266497_0,"{''6CC'CC}{,BB'CC}{DDEE}{FFGG}/","'4C{,8B'CDE6F}4G"
852030162_0,2''C{8CFGE}/q8E4DD-{8.D6E}/2F{8.F3EF}{8GF}/,''2C{8FG}4E2D{8.D6E8.F3.E3F8G}4F
450009688_0,''4C{'8.C6C}{8CE}G6-({3GAB})/{''8CE}G-,'2C8E4G{3AB''6.C8E}4G
450112475_0,4-G''C'G/AA4.G8F/4E(C)-E/FEDG/AA2(G)://,'4G''C'GAA4.G8F4E6.C''4C'EFEDG2AG
464111209_0,/=1/=1/1F+/2F+{8.F6F8.G6D}/4E+{3ECDEFGAB}''2C+/{8.C'6A''8.xF6D}{8.A'6A8.B''6C}/4'B,'4.FF{8.G6D}4E{3.C3DEF3.G3AB}''2C{'6A''8.xF6.D}'4A{8.B''6C}'4.B
806611711_0,''{8.C'6B}{8.A''6C}{'8.B6A}{8.G6E}/{8AA}4A{8.A6B}''4C/,{''8.C'6B8.A''6C'8.B6.A8.G6E}4AA{8.A6B}''4.C
455000688_0,"8'C6.-{5,GAB}{8'CE}{8G6.-5GAB}{6''CDEF}/{6GEEE}{ECCC}!{3C'B''ED}!ff{C'BAG}/4F+8F-8.-{3GA}{6B''CDE}/","{'8.C3G,B'6.C8E}4G{3B''C6DEFG}4EC{'3B''ED3.C'3B''EDC'B''EDC'BAG}4.F{6G3A6B''3C6D8.E}"
302003604_0,4.''FED2..C4.CDE2.F,''4.FED1C4.DE2F
1001163267_3,1G/2A4.B8A/{B''C}4.D8C4C+/C{8'BA}4.B8''C/2D,'2GA4.B{8AB''C}4.D8C2C{'8BA}4.B''8C2D
302003078_0,2''AAA4.AGF2.E4D,'''3A''4.A2.A4A4.GF2E4.D
1001160345_0,1''C+/2C'B/4''C'GnAF/2E4D-,''2C'B''4C'GAF2E4.D
300001289_0,4''CCC-/=2/EEE-/=2/EEEE/E-2-/,''2.C4E2E4EE2.E
605002386_0,9G/2B''C/'bBA/1G/,'2G''1C'2AG
212003651_1,{8.'A6A}{8.B6B}{''C'BAB}{''C'B''CxD}/{8.E6E}{8.E6D}4.D8D/,'4AB{''3C'6BAB''3C'6B''3CxD6E}4.E2.D
458000143_2,=6/2-4-'E/48844AGEDD/4GABG/48844''C'BAEA/8842GEFE+/4E--A/''C'A2''C/,'4EA{8GE}2D4GABG''C{'8BA3E}4EA{8GE}4F4.E''4E'A''C'3A4A''2C
212009579_1,8G/''C^'E-''E^C-G^C-E^C-/C^'E-''E^C-G^C-E^C-/{6''CDC'B}{''C'GAB}{''CDC'B}{''C'B''CD}/,'8G''4C{3ECE}2C3E2C{3E8.C}4C3E4C{6DC'B''3.C'6GAB''3C6DC'B''C'B''3C8.D}
1001271094_0,3{qqG''Cr}2E+8{EDG'B}/4''DC+6{CDC'B}{''CDEF}/4G8{GG}8{G'''EC''G}/4.G8F4E-/,{'3G''C}2E{8DG'B}''4D4.C{6DC'B''3C6DEF}2G{'''8EC''G}4.G8F4.E
458000538_0,=2/244--'xC/4xC8CC4xFxA/4.82ADD+/4D-2-/,'2.xC4xF2A2.D
1001069225_0,2GGAB/''CC1'BA/2B''CD'A/4GE2F1E://2-D/EEGF/1ED2C,'2G'''3B'2GAB''3C'2.B2AB''CD'A4GE2F4.E''4E'2DE3F2EGF4.E''4E'8D2DC
650003445_0,2''EE/i/FE/2.E4D/4E2E4E/,''2E1E2FE4DE2.E
500500191_0,''4C/{8C'G''C'G}{''8C'G}''4C/4-4EFE/DC,''4.C{'8G''C'G''C'G}''4.C4EFED4.C
800238865_0,{6''C'G''CD}{EDEC}{D'G''DE}{FEFD}/8EG'''4CtC''B/,{''6C'G''CDEDECD'3.G''6DEFEFD8EG}'''2C''4.B
300234306_0,'8G/''{CC}{6CDEF}{8GC}-'''C/{6C''BBA}{AGGF}{8FE}-,'8G''4.C{6DEF8G}2C{6B6.A8G8.FE}
456001576_0,2-4.8''EC/4'B-2-/-4.8''FD/4C-2-/4-CAF/,''4.E8C'4.B''F{8D3C}2C4A4.F
450065515_1,4-/=3/2-4-8.{'E6A}/''4C+8(CCC)4'B8.A6A/2xG8-GxFG/4.A8A,{'8.E6A}''2C'B8.A2.xG{8xFA}2A
301008524_0,'8G/''{8C(6DC'B)}''{8C'G}''{E(6FED)}{8EC}/{G6GC}{8G'''C}''4G8-{6EG}/,{'8G''C3.DC'3B''6.C'8G''E6F3E3.D8EC8.G6C8G'''C''3G}4.G{6E8.G}
806914909_0,4-/=11/2-4-'G/''C'GEG/''4.C8D4E'G/A{8.F6E}4DG/2.C,'4G''C'GEG''4.C8D4E'GA{8.F6E}4DG2C
00000991015699_2,''8C-{8('EFE)}{(AxGA)}{''(C'B''C)}/'{(EFE)}{(FEF)},''4C{'6.E3F6E}4A{''6.C'6B''6.C'6EF6.E6FE8.F}
1001072198_0,2''DE/D4DC/'B''CDC/2'AA//BB/AA/''DD/,''2DE2.D4C'B''CDC'3A2AA1BA''D
301002202_0,{''8CE}/4D{8DE}4C{8CE}/4D{8DE}4C{8CE}/{GE}{'''C''A}{GE}{'''C''A}/{GF}2F4E/,{''8CE}4.D8E4.C8E4.D8E4.C{8EGE'''C''AGE'''C''AG}2F4.E
250008485_1,4-''C'B''D/C-2-/4-EDF/8E'GAB''CDEF/4G,''4C'B''D4.C4EDF{8E'GAB''CDEF}4.G
1001240977_0,2''C4'BxG/8.{A6B}8{AB}4''CD/2C4'BxG/,''2C'4B2A{6.B8AB}''4CD2C'4B4.xG
1001003261_4,4''G/{8G'''C''GE}{CGEC}/{8.G6F}4E8-{''CDE}/{GxFnFD}{E'''C''AxF}/,''4.G{'''8C''GECGEC8.G6F}4.E{8CDE}4G{8FDE'''C''A}4xF
605200261_0,"4..C6C4CE/,{8G6AB}{'CDExF}4G4B^D/4''C^'E4''E^C^'G4''F^C^'F4''A^C^'F/''4G^C^'E","'6.C4.C''4C'E{8G,3A6B'CDE3xF6.G8.G}4B''C{3.E3CE}2C4C3G4.C{3E}"
806921586_0,'4.G{3AGxFG}''4.E8C/4.F8D'{BGAB}/,'4.G{6AG''3E}4.E8C4.F{8D'BG6.A}4B
600231687_0,'4G/''C{8.C6D}4EE/4.E8F4D-/4.D,'4G''C{8.C6D}4E2E8F2.D
452008310_0,424-'GG/248.6GGGA/8.6884.8AAAA''C'B/,'2G'''3B'1G4.A4A''4.C'4B
1001246345_0,''G2/G866{GxFG}{6AGFG}//:8'''{ED}4.C,''1G{3A8.G'''6.E8D}4C
550503974_0,244''ED-8/{AAAA}{GGGG}/,''2E4.D2AG
00000400150232_0,''4xDCxFnF/{8xCE}{F'''C}4''BA/1G/2ED/'4BbB{''8GF}{bE'B}/,''4xDC2F{8EF'''C}''4B3A4A4.G2ED'B{''8GFxD}'4xA
200022066_1,4'G/''C2C{8D'B}/4''C'G-G/''E2E{8FD}/4EC-'G/1''G+/G+/G+/G+/{6GAGF},'4G''2.C{8D'B}''4C'2G''2.E{8FD}4E4.C'2.G{''6AG3F8.F}
605200003_0,4.G8E4C''C/2'A4G4-/4.G8E4C''C/'BA2G/,'4.G8E4C''C'2A4.GG{8E6.C}''4.C'4BA2G
806549978_2,'{8A6A3 B''C}{'6. B''3F6.E3 D}{6C'B8A }8-xG/{A6A3B''C}{'8B''E}{6FEDC}{'8.B6A}/4A4-{''8C6C3DE}{6.D3A6.G3F}/,{'8.A3B''C'6.B''3.F6.E3D6C'B}2A{3B''C'6.B''8E6FEDC'8.B6A}4.A{''8.C3DE8D6.G8.F}
1001031525_0,2F''C/C'B/2.''C4D/,'2F''1C'2B''C4.D
850602550_0,''4C{'8BA}2G+/{8G6AB}{''8CG}{8G6FE},''4C{'8BA}2G{6AB''6.C}4G{6F8.E}
453009926_0,4'E/E8EE4AE/2F8FFFF/2.E4E/2E4-E/,'2.E4AE1F4.E1E2E
850606479_0,''6C/2C4(-)'8.E6D/{8CC}4-8.-{6D8.E6F}/,''6C2C{'8.E6D}4.C{6D8.EF}
601000549_0,'{8GG''CE}gD{8.F6D}'4B/{8GG''CE}gE{8.G6E}8C,'4G{''8CE3D8.F6D}'4B3G4G{''8CE8.G6E}4C
840012886_0,"4-/-13/2-4-,G/'4.C8D4EE/8EF4D-C/C2A4G/FE",'4G4.C8D2.E{8FD}4D2CA4GF4.E
550268291_2,8.''C6C4C2-/8.E6E4E2-/8.G6G4G,''8.C4.C4E4.E2G
453007446_0,2.68.'bB{''CD}/bE{DC}/D{C'bB}/''bE{DC}/4D'bBAG/FGFbE/,'2.xA''6C2.D8.C2D{6.C'8.xA}''2D8.C4D'2A4GFGF4.xD
1001038394_0,{8'GGqq6{GB}r8AG}4-/''DED-/{8'GGqq6{GB}r8AG}4-/''GAG-/,'4G{3B8A3G}4G''DE4.D'4G{3B8A}2G'''3A''4A4.G
00000403011933_0,''4C{8.C6D}4EE/E{8.E6F}4GG/({8GFE}){8.D6xD}({8EnDC})'{8.B''6C}/4D,''4.C{6D3E}2EE6F4G4.G{6.FE}4D{6.EDC'8.B''6C}4.D
000111577_0,"'2C%F-4 {,8G6G}/%G-2 '2.E{8.C6C}/4G{8.E6E}''4C{'8.A6A}/4xFtG",'2C8.G2E4CGE''C'A3xF2G{3xF}
450033193_0,8-'G/2G4.E''8C/2C'4.E''8E/q8D4C{8C'B}4A{8AG}/q8G4F,'2G4.E''8C2C'E''8D4C'8B4.A4GF
455031348_1,{8''E6FE}{D'B''CD}{8C6DC}{'BGAB}/{8AA}-{6''EE}{8EE}{EE}/{C'A}4--8-{6''GG}/,{''8E6FED'B''CD8C6DC'BGAB8A}4A''2.E8C'4A''G
00000400164618_0,2-''D/'B''C/1D/i/'2B''C/'AA/1G/,''2D'B''C1D'2B''C'1A2G
211002343_0,2''D4DD2.4EFDD1E4-'AxGAB''C'B8A,''2D4DD2E4F2D4D2E'A4AB''C'BA
550509202_1,{6G''C'EF}{G''C'EF}{GAGF}8E6-G/4''F{3FDBF}'''{D''BGF},{'6G''C'EF3.G''6C'E3.F6GAGF8E6G}''4F{3DBF'''D''BG8.F}
230002768_0,{8.6'GE}/{8C6DE}{FGAB}{8.6''C'E}{8.Et3CD}/{6FAB''C}{DEFG},{'8.G6E8C6D3.E6FGAB''8.C}'4E{3.C3D6FAB''CDEF8.G}
551007088_0,'''C{8.6CC}4''G{8.6GG}4/E-8-{8CDE}4/F{8.6FF}{EDEF}4/D{8.6DD}4D-/'''D{8.6DD}4''A{8.6AA}4/F-8-,'''2C''4GG4.E{8CDE6F8.E6D8.E6F3D}4D2D'''D''A4.F
00000990043089_2,8{EEEE}4G-/{8EEEE}4G-/{8EEEE}4G-/8-E-G-E-G/4E-2-/,'2E4.G2E4.G2E4.G4E8.G4E8G4.E
250006735_0,4.8''C'G4''CE/DE2F/4.E8G{AG}{FE}/4.8ED4D-/,''4.C'8G''4CED3E4E2F4.E{8G6.A8GF}2ED
858000507_0,'2D-/''A^'Aq8''G4.xF8E/gE{8.6DxC}4D2-/{8.6'''D''B}4.8'''DD{6DxC''BA}/,'6.D2DA''4.G3E2D6.B'''4.D{''6.B8A}
000126923_0,''4.E8E4.D8D/4.C8C'4.B8B/4.A8A4.G8G/4G{8GF}2E//,''2ED3C2C'8B2A2.G8F2E
201009257_1,{6'AB''CD}{ExFxGA}{GF8E}4-/8-E{6AEC'A}{8''F'D}4-/,{'6AB''CDE6.xF3.xG6AxGxF3E}4.E{3A6EC'3.A''8F'DD}
806550147_0,'8G/''4CDEF/{8GFE}F4.D8D/{EDG}D{EDG}C/,'8G''4CDEF{8GFEF}2D{8EDGDEDG}4C
201008923_0,4''G/2.4'''C''C/C'G/2''C'G/,''4G'''C''2.C'4G''2C'G
1001045312_0,1'D/4E-2-/1xF/4xD-2-/,'6.D2D4.E2G4.xD
00000402004722_1,"'4.C8,B{A'F}4F/8.{F6E}8{DB}8.{''F6E}{DB}8B/1-/","'6.C''4C{,8BA'F}2F{6E8DB''8.F6ED}4B"
1001160553_0,=5/4.'E8E4GG/4.''C8'B4B-/8.B6''C4.D8DED/4C-2-/,'2E3G2G''4.C{'8.B''6C}2D{8ED}4.C
450033516_0,!8{'EGEG}{EGEG}/!f!{FGFG}!f/,{'8EGEGEGEGFGF}4G
1001086079_0,2B8.A6G8.E6G/4A2.G/2B8.''D6'B8.A6G/8.A6B2A/,'2B{8.A6G8.E6G}4A2GB{''8.D'6B8.A6G8.A6B}2A
454005127_0,"!{8'CCCC}!f/ff/ff/!{,BBBB}!f/","'1C,B"
302003171_0,4.'A4''DCDE2.F4.F4GFEDD+6D,'4.A''4DCDE4.F4GFE2.D
00000403013107_0,'4.G8E4G''C/'8.B6A8.G6F4E8EF/4.G8GAB''CD/2.E4-/,'4.G{8E3G}4G''C{'8.B6.A8.G6F8EF}2G{8AB''CD}2E
455034276_0,4-''DD{8DC}/{DD}-E4D8-G/xF8-A{BA}4G+/8G{ExFG}{A6GF}4E/@3/1 9D2'B''C/1D'B''E/,''2.D{8CD}4D8E4D4.G{8AB6.A}4.G8E4G{6.A8G}4E2D'B''CD'2.B''2E
00000402010974_0,''4CC2D/4C{8CD}4C'A/=2/''4CCC'A/GGGF/G,''2CD4.C8D4C'4.A''4CCC'A2.G4F4.G
1001279599_0,4.''C6{ED}8{C'G''C'G}/{''CDEF}{GAB'''C}/4.''D6{FE}8{D'A''D'A}/{''DEFG}{AB'''CD}/,''4.C{6ED8C'G''C'G''CDEFGAB'''C}''4.D{6FE8D'A''D'A''DEFGAB'''C8.D}
1001131129_1,''4AEq8D{8.C6D}{8E'E}/{8F''D}{6Ct'BAxG}{A''C}4E'8E/{8F''D},''4AE{6.DC6D}'4E{6.F''8D6C'B6.A''6C}'4.E6.F''4D
550500739_2,''{8.C'3GE}{6CG''CE}{8.E6F8D}-/{8.D'3BA}{6GB''DF}{8.F6G8E}6-G/8Gt6-{G8Gt}6-{G8Gt}6-{G8Gt}-6G/6{AG'''C''B},{''8.C'3GE6CG''C}4E{6F3D}2D{'3BA3.G6B''D}4F{6G8.E}4G1G{3.A6G'''C''8.B}
1001142055_4,4.''C8C2C/=4/4.D8D2D/4.C8C2C/4.D8D2D/,''4.C2.C2DDCC1D
100500943_0,4''C8-6{GG}{GGGG}{GGGG}/8{E6GG}{GGGG}8{E6AA}{AAAA}/,''4.C4G4.G{8EG}4G8E4.A{8A}
451001563_0,1-2'A4AA''C'G2AB-,'2A4AA''C'G2AB
1001124679_0,4''C{8'BA}2A/4EAxGA/B''DC'B/''C'GA,''4C'8B2A4E2A4AB''DC'B''C'G4.A
280005446_0,'''4C-C-/C-2-/=2/4''B-B-/B-2-/=2//:,'''2.C''4.B
220033327_0,4''C'BAG/FFEE/FxFGxG/AAxG-/,''4C'BAGFFE2F2.A
1001008089_0,8-{''AxGA}-{'AxGA}-/-{''DC'B}{''C'A''EF}/-{6'B''C}{8D'A}{BG''DE}/-{6'AB}{8''C'G}{AF''CD}/,{'''3A8xG3A''xG}'2A4A{''8DC'B''C'A''E}4F{'6B''3C8D'ABG''D}4E{'6AB''8C'GAF''C}4D
464120574_0,4.''C8E4F'A/B''D{8DC}C-/,''4.C8E4F'AB''4.DC
190012738_0,{''8EF}/4.G{6FG}4A{8GF}/4.E8D4CE/D'B''CD/{8EFED}4C{8EF}/,{''8EF}4.G{6.F6G}4A{8GF}4.E{8D3C}4CED'B''CD{8EFED}4C8E4F
840010644_0,'''4.C8CCCCC/4.C8CCCCC/4.A8AAAAA/8.B6G8.G6G2G,'''2.C1C8.A2A8.B2G
854005081_0,qq''6ABr'''2C{8C''BAG}/4.G8E{8AGFE}/,''3B'''4.C{''8BAG}4.G{8E6.A8GF8.E}
600171074_0,''4CDE-/8-G{GF}4E-/8-G{GF}4E8-E/,''4CD4.E4G8F4.E4G8F4E
00000402003707_0,1-/2-4-'G/''CCEC/-'8.G6A2B/''4C8.D6E4FE/2D4'G-/,'4G''CCE4.C{'8.G6A}2B''4C{8.D6E}4FE2D'4.G
1001199959_1,8-4-/2-8-G8.6B''D/2.E4'G/4F8.6FF4E8.6GG/2'B4-,{'8G8.B''6D}2E'4GFFEG2B
000135316_0,2-8-{''G8.G6F}/{8.E6D8EF}4.D8D/{8.E'''6C8.C''6B}{8.A6B8.B6A}/4xG,''4G{6F8.E6D8EF}2D8.E'''4C{''6.B8.A}4B4.A
230002805_1,4'C8-{6CE}{8GG}{G6AB}/2''C4C-/,'6.C4.C6E4.G{6AB}''2.C
455027741_0,4'FFF-/GGG-/CCC-/D-8F-D-/,'2.FG2C''4C'8D4DF{8D6D}
601000958_0,''4..C6E4E-/4..C6G4G-/,''4.C6E4.E2C4.G
000140924_0,!{''8C^'E''C^'E''C^'E''C^'E}!f/6-{''EFG}8D'B^D{B^DB^D}6-{''GFD}/4D^'F''8C^'E{''6CD}{8ECGxG}/4A,{''8C'3E}''4C'3E''4C'3E''4C{'3E''8.C6EFG8D'B3D}4B{''6GF}4D{8.C6D8ECG'''3xG}''4.A
850001553_0,'2CE/G''4CE/4.G6{EC}4.F6{D'B}/''8{CCCqq6{DC'B}r8''C}4D(-)/,'6.C''4.C'2EG''4CE4.G{6EC3F}4.F{6D'B''6.C3D'B''8C}4.D
1001005945_2,6.{C3''C'6.G3E}4C6.-3''{D'6.B3G}4D/6.-3''{E6.C3'G}4E6.-3{A6.''D3'A},{'8C6.G3E6.C}''4C{3.D'6.B3.G}4D{''3.E6.C'3G}4.E{3.A''6.D'8A}
458000148_0,"4''G/28888E+{ED'BE}/888664.8{A''DE-A}GE/{C'EA-''D}'B,B/","''4G2E{8D'BEA''D8.E6A}4.G{8EC'E8.A''6D},2B"
220034396_0,2''CD/ED/4C'B2''C/'B-/,''2CDED4C'B''2C'B
230006889_0,2''E/ED/CF/ED/1C/2-E/DC'/B''C/'BA/1G/,''1E2DCFEDCEDC'B''C'BAG
454008352_0,2''CC/CC/DE/F(E)/EE/,''2C1C2CDEF1E
220035538_0,4''CCD/2E-/4-DDE/2F-/,''2C4D2E4DDE2F
458000825_0,4-/=3/2-4-'D/GADA/bBxFA''xC/D'xGA''D/,'4DGADAxAxFA''2D'A''4.D
00000403010812_0,'2E4.F8A/4A{8AB}''{C'B''CD}/2ED/C'4.A8B/2B-/-,'2E4.F8A4.A{8B''C'B''CD}2EDC'4.A2.B
706001729_0,''4C2E{8F6ED}/8qD4C2C{8'B''C}/'4A2A{8''C'A}/8qB{A6GA}4.G,''4C2E{8F6E8.D}2C{'3B''6.C}'2.A{''8C'A6BAGA}4.G
1001022967_0,{8'G''C}4.E{6DC}{'B''CDC}/{8FD}2'B4-/,{'8G''C}4.E{6DC'B''3C6DC8FD}'2B
550265933_1,2'G''C/'A4-''D/'BB2''C/4'A''CD'A/2B4''C,'2G''C'A''4D'BB''2C'4A''CD'A2B''4.C
530012240_0,{''8.C'3GAB}{''6.C3C6.E3E}4C4-/{8.E3CDE}{6.E3E6.G3G}4C//,{''8.C'3.G3AB''3.C8E}4.C{8.E3CD8.E8G}4.C
301050652_2,4.''C8E4C-/1-/4.C8E4C-/1-/2-4''G-/GFE-/,''4.C{8E3C}2.C8E4.CG4GF4.E
1001237386_0,=4/2-4-'G/''2C+8C'GEF/4GC-''E/2G+8GECD/4EC-,'4G''2C{'8GEF}4G6.C''4CE4.G{8ECD}4E4.C
00000403013187_0,'4.C8C4EF/2G4FE/4.A8A2G/''4CDEF/2D4D8-,'6.C4.C4EF2G4FE2AG''4CDEF2.D
000123835_0,{'6CgFE3DE6F}{8G6-''C}4C{'8BA}/{6Gq8A3BA6B''C}{8D6-F}4F{8ED}/{6CgF3ED6EF}Gq8B{3AG'''6C''A}8xF-,{'3.C3F3.E3DEF8.G}''4.C{'8BA6G3ABA6B''3C8.D6.F}4F{8ED6C3FED6EFG3BG'''6C''3.A}4xF
301001902_0,8'EF/4.G8GG''CEC/{C'B}B8-4-8B''C/4.D8'BGAGF/4FE,{'8EF}2G{''8CE3C}4C{'3B''8C}4.D{'8BGAGF}4F4.E
650011989_0,4''CCCE/DDDF/EEEC/DDD'B/''CCED/2C://,''2C4CE2D4DF2E4C2D4D'B''2C4ED2C
201004257_0,{8'CCCC}{CC}q6E{8D6CD}/{8EEEE}{EE}q6G{8F6EF}/,'2.C{6EDCD}2.E{6GF3E8.F}
840010047_0,8-'6CC8EGE6EE8GC/'G6GG8CEC6CC 8EG/6E,{'8CEG}4E{8GC}4G{8CE}4C{8EG8.E}
703000013_0,{'6A''F8F}{ED}4D{8C'B}/{6A'''C8C}{''BA}4A{8xG6BG}/,{'6A''8.F8ED}4D{8C'B6A'''8.C''8B'''3A8xG''6.B8xG}
458000861_0,=12/442'EFA/4xGA''CE+/ExD'B''xC/48844DCDC'B/,'4EF2.A4A''C2.E'4B''2D{8CD}4C'B
900000446_0,4'G/''C{8'EF}4GG/{8AGA''C}4.'G8F/{8EGFE}4DC/''ED,'4G''C{'8EF}2G{8AGA''C}'4.G{8FEGF6.E}4DC''E4.D
551002162_0,''2C!8qD{C6'B''C}!f/4FE2-/2E!8qF{E6DE}!f/4AG2-/,''2C{6DC'B''3C6DC'B''C}4F2E{6FEDEFED6.E}4AG
455037471_0,2'A4AA/2.B4''C/2'AxG/AA/G4GF+/FF2E/E://4-E/,'2A4AA2.B''4C'1A2AA2.GFE2E
100030389_3,2''CC/2.G4F/ED2E/DG+/4G,''1C4.G4FED2ED4.G
220030962_0,8{'''C''CCC}4Cq6E{8D6CD}/8{CEEF}4G-/,'''8C''4C4.C{6EDCD8C}4E8F4.G
300514183_1,84844'CEG''C-/4'F-E-/G-A-/G-848-FD/,'8C4E8G''4.C'3xD4.FEGAG4F{8DD}
212001643_1,8''{C'CEG}{''C'G''CD}/E4G8C{G6ED}{CDEF}/8{G'''C''GE}{FAFD}/,'4C{8EG''C'G''CDE}4G{8CG6EDCDEF8G'''C''GEF6.A8F}4D
850687223_0,4''CCC'B/2''C-//4C8-{6'EG}{8''C6'G''C}{8E6CE}/4G{6xFGAG}{nFEDC}{'B''CDC}/,''2C4C'B''4.C{'6.E6G''8C'6G''C8E6CE}4.G{3.A6GFEDC'B''3C6D8.C}
464000574_1,=19//8{'G''CD}/2E+{8ECqq6DCr8'B''C}/4xCD8-8{'Gq6B8AG}/2''F+8{FDCD}/4xDE8-,{'8G''CD3E}2E{8C3DC'6B}''4.CD{'8G6.B6A8G}''2F{8DC}4.DE
800265388_0,"2.'C{6DC,BA}/2.G{8G6AB}/4'C8-","'6.C''2C{'6DC,6.B3.A}1G{3A6B}'4.C"
00000402003143_0,'4.A6A8.{A6A8.A6A}/4..A6A8.{A6A8.A6A}/4..B6B{8.B6B8.B6''D}/4..F6E4E(-)/,'4.A4A2.A4A4.A1B''6D4.FE
850690301_0,''2C4.C'8B/''4C'G2A+/4A''C'B'C/''1(G)/,''2C4.C'8B''4C'G2A''4C'BC''4.G
1001196974_0,2G4GG/''2C4CD/1(E)//4'G8GG4AG/2FE/,'2G'''3B'2G''2.C4D2E'G4AG2FE
210017839_0,6.{'G3G}/866{''C-C}{D-D}{8EC}-6.{C3E}/{8DC}q6E{8D6C'B}4''C8-,'8G''4CD8E4.C{3E8DC6EDC'B}''4C
1001269247_0,8'xGAB/1''C+/2C+8C8'A8.B6''D/1''C+/2C+/8C8'B''CxC/4D'A2''F+/2F,'4A8B''2C{'8A8.B''6D}2C'3B''4CD'A''2F
850808616_0,''2E'4xA''4xC/'2G{8nF8A8B''8xC}/4nF'4bB4bA{8E8G}/2.F{8G8B},''2E'4xA''xC'2G{8FAB''xC}4F'xAxG{8EG}4.F''4F'8G4B
1001042275_0,8-''C4C8-8C4C/4-'C8{CECE}/{G''C}4D8-,''8C4.C'2.C{8ECEG''C}4.D
212006471_2,4C8-G/4''C{6DC}{D'B}/{8''CG}{6DC}{DC}/{8CG}{CA}/,'6.C''4C'8G''4C{6DCD'B''6.C8G6DCD8.C8GC8.A}
410006953_0,''2.D+8{D'E}/6{A8.D+}2D+8{D6AG}/''6{D'8.D+}{8.D6bE}''8{bED},''2D{'8E6A6.D}2D{6.A3.G8.D''3.xD}4.D
350001008_0,4.G8G4AA/4.G8G2G/4.C8C4DD/EE2D/,'2G4AA4.G2G8C4.C2DED
1001270987_1,'4.G8G84GE/4.A8A4AB/''C,'4.G4GE2.A4B''4.C
00000402000318_0,'8.G6B/4''CC{8ED}{CD}/4.E8D4C,{'8.G6B}''4C{8EDCD}4.E8D4.C
00000400013350_0,''8G-B-'''C-''B/'''(6C''BE)(6AFD)(6GEC)(6FD'B)''8C-'B-/,''4GB{'''8.C''8B'''3.C''B6E3.FD3G3.ECF3D'3.B}''4C{'8.B}
450056417_0,4-'A''DC/'A''FED/ED4C8'B/4.B8A4AA/,'4A''DC'A''FEDEDC'4.B8A2A
000141801_0,'4CCCC/DDDD//EEEE/FFFF/,'1CD2EE4F2.F
230003183_0,4'G/4.8''C'B8''C'B''CD/4C'B-''C/CEFA/4.8GF4E,'4G''4.C{'8B''3C'8B''6.C8D3C}4C'4.B''4CEF3A4A4.G8F4.E
1001012585_0,2''EC/'E-/4''C{8.C6C}4C{8.C6C}/4CC2-/8-{DDD}4D-/,''2EC'E''4CCCCC4.C2.D
1001249557_0,"4.'C6{EC},4G'G/2.G4-/4.E6{GE}4CC/2.C4-/",'6.C''4C{'6EC}1G4.E{6GE}1C
250016559_2,8''G4A8G{8FEDC}/4EG'''C8-''G/{6AFEF}{CFAF}{GEDE}{CGFG}/i/{AG8F+}{6FDFA}{GF8E+}{6ECEG}/{FE8D+}{6D'B''DF}{EEGG}{EEGG}/4D8-,{''8G'''3A}''4A{8GFEDC}4EG'''C{''8G3.A6FEFC6.F3A6FGEDECGF6.G3A6FEFC6.F3A6FGEDECGF6.G3A6G8.F6D6.F3A6GF8.E6CEGFE8.D'6B''DFE8GEG}4.D
550265371_0,{''8.D6D}{'8GG}{AA}{BB}/{''8.C'3B''C},''4D'GAB{''3C'B''8.C}
00000408000268_0,''4CCCG/2ED/4DDDG/2FD/,''2C4CG2ED2.D4G2FD
458000321_0,{'8EF''CF}{GbAEF}/{B'''C''bB'''C}{''ABEF}/{bAbBGA}{EF'nB''C}/,{'8EF''CF}4G{8EF}'''4.C''4A{8EF6.xG8xAG6.xG8EF'B}''4C
806152741_0,'4AA2-/4AA-A/xG8-A4B8-''C/4D8-C'8.B6B4B/,'1A4.B''8C4.D8C'4.B
450024091_0,"'''4C'{8CC}{EC},4G/''{6FG}4A8G{FGAB}/",'''4C'C{8EC}4G{''6FG}4A{8GFG6.A}4B
850641158_0,4''G/q8F4.E8Gq8E4.D8G/{DC}2C4'''C/''q8B4.A'''8C''qA4.G'''8C/''qG2Ft,''4G{8.FE8G8.ED8GD}2C'''4C{''8.BA'''8C''8.AG'''8C}''4G4.F
550265235_4,'4.B''8D{'G''G}4E/{8.D6B}{8GE}{AxF}{GF}/,'4.B''8D'4G''E{8.D6B8GE6.A}4GxF
455027505_0,"4.'C8,B4A'A/AxG-{8.6''DC}/8C-{8.6'AxG}8G-{8.6BD}/4C,B2-/","'6.C''4C{,8B3A8.A'A}4A{''8.D6C}4C{8.xG'B6D}4C,4.B"
1001114201_0,=3/''2ED/C'B/A4G''G+/{8GA}4F+{8FG}4E/4.D8E4.C8D/4.8'B''C'AB/,''2EDC'BAG''8A4.F8G4E4.D8E4.C8D'4.B{''8C'3A}4.A{8.B}
1001067651_0,8{AAAA}{AAAA}/{AAAA}{AA}{GG}/{FFFF}{FFFF}/{FFFF}{FF}{EE}/,'8A2.A4.A2.A3G4G4.F4F2.F4.FE
100030097_0,2-''C4EE4.G6{FE}/8{DC}4D2C,''2C4EE4.G{6FE8DC}4D2C
250011056_1,"2'C4,G-/{8''ECD'G}{''C'GEC}/2F4G,G/%F-4 C,,GC-://:%G-2 4.'B8G{BGBG}/","'2C,4.G{''8ECD'G''C'GEC}2FG,8.C,,4G{,3C'E,C'E,C''E,C''E,C''E,C''E,C''8.E}'4.B{8GBGB}4G"
000111451_0,''4.E8E4D8D/{C6DE}{8DC}'2B/''4.C{6DE}4DC/,''2E4.D{8C6DE8DC}'2B''4.C{6DE}4D4.C
1001210574_0,"48844'C{EG},B-/bB{'EG},A-/4.''F8E{6DA}4A8G/{6GF}4E8D{DxDE}-/","'4C{8EG}4xA{8EG},4.A''F{8E6.D3.A}4A{8.G6F8EDxD}4E"
452518471_0,(''1C)/,''2C
1001016393_0,4-8''EDCC'BB/AA''DD2E/4DC2'B/1A/,{''8ED}4C'8B4A''D2E4DC'2BA
451001561_0,2''E4EEDC2'B4B''xC2D4E2nC,''2EE4DC'1B''2D4E2C
1001124520_0,2'G/4AGFG/''CDCC/'GA''CD/EED,'2G4AGFG''CD2C'4GA''CD2E4.D
00000400090371_0,"4-'C2G+/4G{8FbE}4DC/2,B4'C,bB/1bA/4G","'4C2G{8FxD}4DC,2B'4C,xA3xG1G"
303000889_0,{8''D'D}6-{3''D6.F3D}{8A'A}6-{3A6.''C3'A}/{8''D'D}6-{3''D6.D3bE}q8E4C6-{3C6.C3D}/q8C4'bB6-{3''G6.G3B}{8xCD}{GF}/,'4.D{''6.F6D}'4A{''6.C'8.A}4.D''8.xD4.C{3D8C'8.xA''8G3B8xCDG}4F
552000391_0,'4C{8EG}{''6C'B''CD}{EDEF}/{8GC'B''C}4DC/'4C{8EG}{''6C'B''CD}{EDEF}/{8GC'B''C}4DC/,'4C{8EG''6C'B''CDEDEF8GC'B''C}4D'2C{8EG''6C'B''CDEDEF8GC'B''6.C}4D4.C
850690722_0,'2E4.F8G/2AG/''4C'2A4G/2AA/4-2G4F/2EA/,'2E4.F8G2AG''4C'2A4G1A2G4F2EA
301003118_0,'2C4CC/1C/2E4EE/1E/2F4FF/1F/,'6.C1CE''4E'2F1F
1001101184_0,"{(3,GAB)}/4'C8.6-''E{EG}{G'''C}/4C-2-/","{'3G,B'6.C}''4CEG'''4.C"
850008707_0,''4.C8D{3ED8.C}8{EF}/{3GF8.E}{8.G3AB}'''4C-/,''4.C{8D3ED8.C8EF3GF8.EG3AB}'''4C
1001169210_0,4'G/4.8''C'E4FA/4.8GE4CG/''C'B''CF/EbED,'4G''4.C'8E4FA4.G8E4CG''C'B''4.C4F4.D
1001172275_0,"4-,G'CE/2GE/4-,A'CF/2AF/","'4GCE2GE3F,4A'CF2AF"
550268407_3,8-''CCF4F'F/8-6AF8''C6DE8FF,''4C8F'2F{6AF''8C6DE}4.F
450030932_0,q8'B4''CC+{8C6'B''C}{6DC'B''C}/{8'B''D}4G+{8GFED}/4C,'8B''2C{'6B''3C6DC'B''C'8B''D}4.G{8FED}4.C
220017897_0,2'AB/AG/AB/1''(C)/'2B''C/DE/1'B/(A)/,'2ABAGAB''C'B''CDE'2.B2A
850007160_0,{'6CCCC}4CCD/CCCD/EEEF/E,'2.C4D2.C4D2.E4F4.E
1001208915_3,1''D+/1D/,''2D
1001260499_0,6{''CGGG}{FEDC}{C'BBB}8B-/,{''6C8.G6FED8C}'4B
00000402003875_0,'4G/''4.C'8C4C8DE/4FGAB/''4.C8D4EE/2D,'4G2.C{8DE}4FGAB''4.C8D2ED
455034019_1,=6/2-48.6(-)'GE/CGEC''C'B/q8B4AA-8B''C/{xCD}nC'B{AG}xFnF/4EE-8GG/,{'8.G6E}4C{8.G6E6.C}''4.C{'8BA}4.A8B''4C{8DC'BA}4G8F2E4.G
270000699_0,{8''C'GEC}{8.''Ct3'B''C8DC}/4C-{8.Et3DE8FE}/4E-,{''8C'GE6.C''8.C'3B''C8D}2C{8.E3.D3E8F}4.E
600054569_0,4-''8{GE}-{AFD}/,''8G4E{8AF}4D
550255627_0,''8{CC}/{GF}2E4D/q6D{8C'B}''2.C/8{DFEG}q6G2F/,''4C{8GF}2E4.D{6C'8B}''2C{8DFEG}4G4.F
550018439_0,'4.F8F4A''C/=/'4.F8F4A''C/'bE,'2F4A''4.C'2F4A''C'4.xD
302000454_1,2E4AB/''C'BAB/xG(E)-nG/GFE8{AB}/4''C'B2A/,'2E4AB''C'BABxG4.E2G4FE{8AB}''4C'B2A
201011704_0,1'E/Ft/4.G6{AB}4''C'G/AtG2-/,'2EF4.G{6AB}''4C'GA4.G
550266639_0,{''6EC}'4A8A{6AxG}4Gq''6A{G3xFG}/{8AE}-A{FD}-E//,{''6E3C}'4.A4xG{''3A8G6.A}4E{8AF}4D{8.E}
457000743_0,2''C4DD/1E/2F4DD/1G/2A4AA/1G/2F4ED/2GG/1E//,''2C4DD2EFD4.G2A4A4.G2F4ED4.GG2E
850606894_0,{''8C6CC}{8CC}{D6DD}{8DD}/{E6E'''E}{8EE},''2CDE
302003246_0,4.''GG4GF8.DE4FGFE2.D,''4.GG4GF{8.DE}4FGFE4.D
540003164_0,4''C6{C'G''C'G}{AB''C'A}{G''CEG}/'{A''DFD}{'B''CD'B}''{C'G''EC}{GCD'F}/,''4.C{'3.G''6C'GAB''C'A3.G''6CEG'A''DFD'B''CD'B''C'G''ECGCD'8.F}
469488600_0,''8C4C8C{('6BAG)8G}{''8.C3DE}/({6DEF})({EFG})q8G4F{6EG'B''D}4C/,''2C{'3.BA8G''8.C3DE3.DE3F3.E3F8.G8F6EG'B''D}4.C
